"FullName","LastWriteTimeUtc"
"C:\Users\allenzhao\AppData\Roaming\dream-ui-Dev-2\1one\team-skills\oskill_01a093e0c28075c0a67e0ff83553813c\SKILL.md","2026/9/12 16:37:34"
"C:\Users\allenzhao\AppData\Roaming\dream-ui-Dev-2\1one\team-skills\oskill_01a09451c07d7ce19f1439e86422c97d\SKILL.md","2026/9/12 16:37:34"
"C:\Users\allenzhao\AppData\Roaming\dream-ui-Dev-2\1one\team-skills\oskill_01a09451c1697772a6e4aacd9ac3d437\SKILL.md","2026/9/12 16:37:34"
"C:\Users\allenzhao\AppData\Roaming\dream-ui-Dev-2\1one\team-skills\oskill_01a09451c28f7dd18d7872143dddb7df\SKILL.md","2026/9/12 16:37:34"
"C:\Users\allenzhao\AppData\Roaming\dream-ui-Dev-2\1one\team-skills\oskill_01a09451c3bd7b30b9e1da152730b695\SKILL.md","2026/9/12 16:37:34"
"C:\Users\allenzhao\AppData\Roaming\dream-ui-Dev-2\1one\team-skills\oskill_01a09451c4be7df2adbcdeff7e7c3402\SKILL.md","2026/9/12 16:37:34"
"C:\Users\allenzhao\AppData\Roaming\dream-ui-Dev-2\1one\team-skills\oskill_01a09451c5e679a0a1b5303789e0c891\SKILL.md","2026/9/12 16:37:34"
"C:\Users\allenzhao\AppData\Roaming\dream-ui-Dev-2\1one\team-skills\oskill_01a09451c6cd7d918b6ba2385c400f89\SKILL.md","2026/9/12 16:37:34"
"C:\Users\allenzhao\AppData\Roaming\dream-ui-Dev-2\1one\team-skills\oskill_01a09451c7ed72a3a129510baccca8ab\SKILL.md","2026/9/12 16:37:34"
"C:\Users\allenzhao\AppData\Roaming\dream-ui-Dev-2\1one\team-skills\oskill_01a09451c9157df3b9dc866b83d51f9e\SKILL.md","2026/9/12 16:37:34"
"C:\Users\allenzhao\AppData\Roaming\dream-ui-Dev-2\1one\team-skills\oskill_01a09451ce057132ad6a6ff6aca944bf\SKILL.md","2026/9/12 16:37:33"
"C:\Users\allenzhao\AppData\Roaming\dream-ui-Dev-2\1one\team-skills\oskill_01a09451cf3375038cf6752c890b1ead\SKILL.md","2026/9/12 16:37:33"
"C:\Users\allenzhao\AppData\Roaming\dream-ui-Dev-2\1one\team-skills\oskill_01a09451d05272d1bcc02dcfaa9f4c23\SKILL.md","2026/9/12 16:37:33"
"C:\Users\allenzhao\AppData\Roaming\dream-ui-Dev-2\1one\team-skills\oskill_01a09451d1687812aedc5bd11a6e97e4\SKILL.md","2026/9/12 16:37:33"
"C:\Users\allenzhao\AppData\Roaming\dream-ui-Dev-2\1one\team-skills\oskill_01a09451d27f70c18583b19cfd6aeffe\SKILL.md","2026/9/12 16:37:33"
"C:\Users\allenzhao\AppData\Roaming\dream-ui-Dev-2\1one\team-skills\oskill_01a09451d3957282b57c7584659d16f5\SKILL.md","2026/9/12 16:37:33"
"C:\Users\allenzhao\AppData\Roaming\dream-ui-Dev-2\1one\team-skills\oskill_01a09451d48379f39c7d8cfa7f51d503\SKILL.md","2026/9/12 16:37:33"
"C:\Users\allenzhao\AppData\Roaming\dream-ui-Dev-2\1one\team-skills\oskill_01a09451d57a7791a974f532507dfaf5\SKILL.md","2026/9/12 16:37:33"
"C:\Users\allenzhao\AppData\Roaming\dream-ui-Dev-2\1one\team-skills\oskill_01a09451d9147c8180297e639e2f0fff\SKILL.md","2026/9/12 16:37:33"
"C:\Users\allenzhao\AppData\Roaming\dream-ui-Dev-2\1one\team-skills\oskill_01a09451d9fb7ee29b8d1e819887bfb8\SKILL.md","2026/9/12 16:37:33"
"C:\Users\allenzhao\AppData\Roaming\dream-ui-Dev-2\1one\team-skills\oskill_01a09451db1c790388ef9c9ede788aeb\SKILL.md","2026/9/12 16:37:33"
"C:\Users\allenzhao\AppData\Roaming\dream-ui-Dev-2\1one\team-skills\oskill_01a09451dc387ef0b7f5991103df7ed3\SKILL.md","2026/9/12 16:37:33"
"C:\Users\allenzhao\AppData\Roaming\dream-ui-Dev-2\1one\team-skills\oskill_01a09451dd4c7083ae416b5059aecc03\SKILL.md","2026/9/12 16:37:33"
"C:\Users\allenzhao\AppData\Roaming\dream-ui-Dev-2\1one\team-skills\oskill_01a09451de6c7dd1b1eedf77d03f65d5\SKILL.md","2026/9/12 16:37:33"
"C:\Users\allenzhao\AppData\Roaming\dream-ui-Dev-2\1one\team-skills\oskill_01a09451df78776193d89b99d689606e\SKILL.md","2026/9/12 16:37:33"
"C:\Users\allenzhao\AppData\Roaming\dream-ui-Dev-2\1one\team-skills\oskill_01a09451e06970238033e61aa349f16b\SKILL.md","2026/9/12 16:37:33"
"C:\Users\allenzhao\AppData\Roaming\dream-ui-Dev-2\1one\team-skills\oskill_01a09451e17e73c0b0dbae65841ebbb8\SKILL.md","2026/9/12 16:37:33"
"C:\Users\allenzhao\AppData\Roaming\dream-ui-Dev-2\1one\team-skills\oskill_01a09451e28f7512b0903ae919b543d2\SKILL.md","2026/9/12 16:37:33"
"C:\Users\allenzhao\AppData\Roaming\dream-ui-Dev-2\1one\team-skills\oskill_01a09451e3bf7942bf1d8f250a936112\SKILL.md","2026/9/12 16:37:33"
"C:\Users\allenzhao\AppData\Roaming\dream-ui-Dev-2\1one\team-skills\oskill_01a09451e4dd75a0860c7d31a5ea0dd2\SKILL.md","2026/9/12 16:37:33"
"C:\Users\allenzhao\AppData\Roaming\dream-ui-Dev-2\1one\team-skills\oskill_01a09451e5e074a38140299f857e9616\SKILL.md","2026/9/12 16:37:33"
"C:\Users\allenzhao\AppData\Roaming\dream-ui-Dev-2\1one\team-skills\oskill_01a09451e6f17e939f40420d9615516a\SKILL.md","2026/9/12 16:37:33"
"C:\Users\allenzhao\AppData\Roaming\dream-ui-Dev-2\1one\team-skills\oskill_01a09451e7e87790a533c00ba8b52e4d\SKILL.md","2026/9/12 16:37:33"
"C:\Users\allenzhao\AppData\Roaming\dream-ui-Dev-2\1one\team-skills\oskill_01a09451e8d275108d3443ba5d285cf0\SKILL.md","2026/9/12 16:37:33"
"C:\Users\allenzhao\AppData\Roaming\dream-ui-Dev-2\1one\team-skills\oskill_01a09451e9bf799190da5e0181c20364\SKILL.md","2026/9/12 16:37:33"
"C:\Users\allenzhao\AppData\Roaming\dream-ui-Dev-2\1one\team-skills\oskill_01a09451eaf177c093a7a441b2cbd0f0\SKILL.md","2026/9/12 16:37:33"
"C:\Users\allenzhao\AppData\Roaming\dream-ui-Dev-2\1one\team-skills\oskill_01a09451ec107ac1a8d8a93e343baf20\SKILL.md","2026/9/12 16:37:33"
"C:\Users\allenzhao\AppData\Roaming\dream-ui-Dev-2\1one\team-skills\oskill_01a09451ef247fb0926397a12c427469\SKILL.md","2026/9/12 16:37:33"
"C:\Users\allenzhao\AppData\Roaming\dream-ui-Dev-2\1one\team-skills\oskill_01a09451f07d7e43b5739a55b09ff807\SKILL.md","2026/9/12 16:37:33"
"C:\Users\allenzhao\AppData\Roaming\dream-ui-Dev-2\1one\team-skills\oskill_01a09451f1727ae1ad76f5f2b0fa4ad1\SKILL.md","2026/9/12 16:37:33"
"C:\Users\allenzhao\AppData\Roaming\dream-ui-Dev-2\1one\team-skills\oskill_01a09451f29177708ac223b952a88f30\SKILL.md","2026/9/12 16:37:33"
"C:\Users\allenzhao\AppData\Roaming\dream-ui-Dev-2\1one\team-skills\oskill_01a09451f3a973d2ba813d20a2867b74\SKILL.md","2026/9/12 16:37:33"
"C:\Users\allenzhao\AppData\Roaming\dream-ui-Dev-2\1one\team-skills\oskill_01a09451f4b774719ab10982143ab419\SKILL.md","2026/9/12 16:37:33"
"C:\Users\allenzhao\AppData\Roaming\dream-ui-Dev-2\1one\team-skills\oskill_01a09451f64f7993b3097ac213a9495b\SKILL.md","2026/9/12 16:37:33"
"C:\Users\allenzhao\AppData\Roaming\dream-ui-Dev-2\1one\team-skills\oskill_01a09451f7337792938453b16609e1ee\SKILL.md","2026/9/12 16:37:33"
"C:\Users\allenzhao\AppData\Roaming\dream-ui-Dev-2\1one\team-skills\oskill_01a09451f8a37641851754a71a55a441\SKILL.md","2026/9/12 16:37:33"
"C:\Users\allenzhao\AppData\Roaming\dream-ui-Dev-2\1one\team-skills\oskill_01a0945203b87f12b29d45db90412151\SKILL.md","2026/9/12 16:37:33"
"C:\Users\allenzhao\AppData\Roaming\dream-ui-Dev-2\1one\team-skills\oskill_01a0945204db7fa0bc0dfffa2e83ad4b\SKILL.md","2026/9/12 16:37:33"
"C:\Users\allenzhao\AppData\Roaming\dream-ui-Dev-2\1one\team-skills\oskill_01a0945205e072919e715deb938ab96b\SKILL.md","2026/9/12 16:37:33"
"C:\Users\allenzhao\AppData\Roaming\dream-ui-Dev-2\1one\team-skills\oskill_01a0945206e17e90bb4047c478353073\SKILL.md","2026/9/12 16:37:33"
"C:\Users\allenzhao\AppData\Roaming\dream-ui-Dev-2\1one\team-skills\oskill_01a0945207c67143bd570585e04c5e04\SKILL.md","2026/9/12 16:37:33"
"C:\Users\allenzhao\AppData\Roaming\dream-ui-Dev-2\1one\team-skills\oskill_01a0945208b67323a9ab475f00a6cfdf\SKILL.md","2026/9/12 16:37:33"
"C:\Users\allenzhao\AppData\Roaming\dream-ui-Dev-2\1one\team-skills\oskill_01a0945209f97a2298a23c12e818427c\SKILL.md","2026/9/12 16:37:33"
"C:\Users\allenzhao\AppData\Roaming\dream-ui-Dev-2\1one\team-skills\oskill_01a094520aed73f1940a14693697a3ab\SKILL.md","2026/9/12 16:37:33"
"C:\Users\allenzhao\AppData\Roaming\dream-ui-Dev-2\1one\team-skills\oskill_01a094520be176a398faf0b1d38b4678\SKILL.md","2026/9/12 16:37:33"
"C:\Users\allenzhao\AppData\Roaming\dream-ui-Dev-2\1one\team-skills\oskill_01a094520ce87520a8c2c80d46c15a22\SKILL.md","2026/9/12 16:37:33"
"C:\Users\allenzhao\AppData\Roaming\dream-ui-Dev-2\1one\team-skills\oskill_01a094520dd8726196c65d02dd466783\SKILL.md","2026/9/12 16:37:33"
"C:\Users\allenzhao\AppData\Roaming\dream-ui-Dev-2\1one\team-skills\oskill_01a094520ecf7e11a71338c15786d282\SKILL.md","2026/9/12 16:37:33"
"C:\Users\allenzhao\AppData\Roaming\dream-ui-Dev-2\1one\team-skills\oskill_01a094520fba7643b8d37392717fc5e8\SKILL.md","2026/9/12 16:37:33"
"C:\Users\allenzhao\AppData\Roaming\dream-ui-Dev-2\1one\team-skills\oskill_01a0945210aa7cf2af0166248013fa3e\SKILL.md","2026/9/12 16:37:33"
"C:\Users\allenzhao\AppData\Roaming\dream-ui-Dev-2\1one\team-skills\oskill_01a0945211a87513acdc619d9bcb0739\SKILL.md","2026/9/12 16:37:33"
"C:\Users\allenzhao\AppData\Roaming\dream-ui-Dev-2\1one\team-skills\oskill_01a09452129c7ef1946f3989b72f254c\SKILL.md","2026/9/12 16:37:33"
"C:\Users\allenzhao\AppData\Roaming\dream-ui-Dev-2\1one\team-skills\oskill_01a0945213867c028c3c4b059c912c85\SKILL.md","2026/9/12 16:37:33"
"C:\Users\allenzhao\AppData\Roaming\dream-ui-Dev-2\1one\team-skills\oskill_01a09452146f7be0b3ff462593c666c9\SKILL.md","2026/9/12 16:37:33"
"C:\Users\allenzhao\AppData\Roaming\dream-ui-Dev-2\1one\team-skills\oskill_01a09452156a7153bad724c350ddb0d6\SKILL.md","2026/9/12 16:37:33"
"C:\Users\allenzhao\AppData\Roaming\dream-ui-Dev-2\1one\team-skills\oskill_01a09452165975d19cdae86a58dce2d1\SKILL.md","2026/9/12 16:37:33"
"C:\Users\allenzhao\AppData\Roaming\dream-ui-Dev-2\1one\team-skills\oskill_01a09452175576819a39488f3e18a5db\SKILL.md","2026/9/12 16:37:33"
"C:\Users\allenzhao\AppData\Roaming\dream-ui-Dev-2\1one\team-skills\oskill_01a0945218457210abdf82817f83add3\SKILL.md","2026/9/12 16:37:33"
"C:\Users\allenzhao\AppData\Roaming\dream-ui-Dev-2\1one\team-skills\oskill_01a09452192c77e2bc8365a04dea8930\SKILL.md","2026/9/12 16:37:33"
"C:\Users\allenzhao\AppData\Roaming\dream-ui-Dev-2\1one\team-skills\oskill_01a094521a167da0afdc5d08e0b30c2b\SKILL.md","2026/9/12 16:37:33"
"C:\Users\allenzhao\AppData\Roaming\dream-ui-Dev-2\1one\team-skills\oskill_01a094521b0670628f8d5b0ff10795b1\SKILL.md","2026/9/12 16:37:33"
"C:\Users\allenzhao\AppData\Roaming\dream-ui-Dev-2\1one\team-skills\oskill_01a094521bf075a3b074f51d1742ae9a\SKILL.md","2026/9/12 16:37:33"
"C:\Users\allenzhao\AppData\Roaming\dream-ui-Dev-2\1one\team-skills\oskill_01a094521ce37ea18d6a469f3e7860d9\SKILL.md","2026/9/12 16:37:33"
"C:\Users\allenzhao\AppData\Roaming\dream-ui-Dev-2\1one\team-skills\oskill_01a094521dc675339e30ef7096cd5342\SKILL.md","2026/9/12 16:37:33"
"C:\Users\allenzhao\AppData\Roaming\dream-ui-Dev-2\1one\team-skills\oskill_01a094521ebb72538cb71992f118ff50\SKILL.md","2026/9/12 16:37:33"
"C:\Users\allenzhao\AppData\Roaming\dream-ui-Dev-2\1one\team-skills\oskill_01a094521fbd7d81bbcbdbd2f5511553\SKILL.md","2026/9/12 16:37:33"
"C:\Users\allenzhao\AppData\Roaming\dream-ui-Dev-2\1one\team-skills\oskill_01a094522300759384cca2a09b72a660\SKILL.md","2026/9/12 16:37:33"
"C:\Users\allenzhao\AppData\Roaming\dream-ui-Dev-2\1one\team-skills\oskill_01a0945223eb76b082c740684562355d\SKILL.md","2026/9/12 16:37:33"
"C:\Users\allenzhao\AppData\Roaming\dream-ui-Dev-2\1one\team-skills\oskill_01a0945224d97b8294fb61ed8f8c2eb4\SKILL.md","2026/9/12 16:37:33"
"C:\Users\allenzhao\AppData\Roaming\dream-ui-Dev-2\1one\team-skills\oskill_01a0945225c675239e68b63ccc7cd335\SKILL.md","2026/9/12 16:37:33"
"C:\Users\allenzhao\AppData\Roaming\dream-ui-Dev-2\1one\team-skills\oskill_01a0945226ac7a62b61f84efac3c75dd\SKILL.md","2026/9/12 16:37:33"
"C:\Users\allenzhao\AppData\Roaming\dream-ui-Dev-2\1one\team-skills\oskill_01a0945227977e629edeecf017c68c7b\SKILL.md","2026/9/12 16:37:33"
"C:\Users\allenzhao\AppData\Roaming\dream-ui-Dev-2\1one\team-skills\oskill_01a0945228907c738b2e6dce90985864\SKILL.md","2026/9/12 16:37:33"
"C:\Users\allenzhao\AppData\Roaming\dream-ui-Dev-2\1one\team-skills\oskill_01a0945229837ce3a6707e45550c222d\SKILL.md","2026/9/12 16:37:33"
"C:\Users\allenzhao\AppData\Roaming\dream-ui-Dev-2\1one\team-skills\oskill_01a094522a7d71a0bf52e4b88ca61ced\SKILL.md","2026/9/12 16:37:33"
"C:\Users\allenzhao\AppData\Roaming\dream-ui-Dev-2\1one\team-skills\oskill_01a094522b6378708b0eedfdd479659a\SKILL.md","2026/9/12 16:37:33"
"C:\Users\allenzhao\AppData\Roaming\dream-ui-Dev-2\1one\team-skills\oskill_01a094522c517503b33d37f2fdbf8d00\SKILL.md","2026/9/12 16:37:33"
"C:\Users\allenzhao\AppData\Roaming\dream-ui-Dev-2\1one\team-skills\oskill_01a094522d797440995cf5d234ed6396\SKILL.md","2026/9/12 16:37:33"
"C:\Users\allenzhao\AppData\Roaming\dream-ui-Dev-2\1one\team-skills\oskill_01a094522e6875c196415396c040e670\SKILL.md","2026/9/12 16:37:33"
"C:\Users\allenzhao\AppData\Roaming\dream-ui-Dev-2\1one\team-skills\oskill_01a094522f597813a7af97477f2e4d70\SKILL.md","2026/9/12 16:37:33"
"C:\Users\allenzhao\AppData\Roaming\dream-ui-Dev-2\1one\team-skills\oskill_01a09452315f78f29ec3a79bb0bff421\SKILL.md","2026/9/12 16:37:33"
"C:\Users\allenzhao\AppData\Roaming\dream-ui-Dev-2\1one\team-skills\oskill_01a09452325670b384913d16f2c95ce9\SKILL.md","2026/9/12 16:37:33"
"C:\Users\allenzhao\AppData\Roaming\dream-ui-Dev-2\1one\team-skills\oskill_01a09452344678d1ba72c7b31779e1f0\SKILL.md","2026/9/12 16:37:33"
"C:\Users\allenzhao\AppData\Roaming\dream-ui-Dev-2\1one\team-skills\oskill_01a09452373c74c09c9b895b1c519499\SKILL.md","2026/9/12 16:37:33"
"C:\Users\allenzhao\AppData\Roaming\dream-ui-Dev-2\1one\team-skills\oskill_01a0945238297151ba5964dcc4a80728\SKILL.md","2026/9/12 16:37:33"
"C:\Users\allenzhao\AppData\Roaming\dream-ui-Dev-2\1one\team-skills\oskill_01a0945239327cc0af69e0e52b2e3d00\SKILL.md","2026/9/12 16:37:33"
"C:\Users\allenzhao\AppData\Roaming\dream-ui-Dev-2\1one\team-skills\oskill_01a094523b147e00b416e9e08ce664f9\SKILL.md","2026/9/12 16:37:33"
"C:\Users\allenzhao\AppData\Roaming\dream-ui-Dev-2\1one\team-skills\oskill_01a094523cbf7be08fa56aace32b73dc\SKILL.md","2026/9/12 16:37:33"
"C:\Users\allenzhao\AppData\Roaming\dream-ui-Dev-2\1one\team-skills\oskill_01a094523e387a928eb917bdc9c03430\SKILL.md","2026/9/12 16:37:33"
"C:\Users\allenzhao\AppData\Roaming\dream-ui-Dev-2\1one\team-skills\oskill_01a09452401c7723bade4c06315f4210\SKILL.md","2026/9/12 16:37:33"
"C:\Users\allenzhao\AppData\Roaming\dream-ui-Dev-2\1one\team-skills\oskill_01a0945241eb72d1be944e3d08512609\SKILL.md","2026/9/12 16:37:33"
"C:\Users\allenzhao\AppData\Roaming\dream-ui-Dev-2\1one\team-skills\oskill_01a0945245117242aa8d3bc94b7fb857\SKILL.md","2026/9/12 16:37:33"
"C:\Users\allenzhao\AppData\Roaming\dream-ui-Dev-2\1one\team-skills\oskill_01a0945246c773b09be2acd645634c9f\SKILL.md","2026/9/12 16:37:33"
"C:\Users\allenzhao\AppData\Roaming\dream-ui-Dev-2\1one\team-skills\oskill_01a0945247b97113b02e7a10a3ab7fd4\SKILL.md","2026/9/12 16:37:33"
"C:\Users\allenzhao\AppData\Roaming\dream-ui-Dev-2\1one\team-skills\oskill_01a0945249177fc2bdd6ed16a7b467bd\SKILL.md","2026/9/12 16:37:33"
"C:\Users\allenzhao\AppData\Roaming\dream-ui-Dev-2\1one\team-skills\oskill_01a094524a4d7ae2a8610025335e7b6f\SKILL.md","2026/9/12 16:37:33"
"C:\Users\allenzhao\AppData\Roaming\dream-ui-Dev-2\1one\team-skills\oskill_01a094524c2f783084efb61fa39e8c84\SKILL.md","2026/9/12 16:37:33"
"C:\Users\allenzhao\AppData\Roaming\dream-ui-Dev-2\1one\team-skills\oskill_01a094524e2b75a0937a49bf184d409c\SKILL.md","2026/9/12 16:37:33"
"C:\Users\allenzhao\AppData\Roaming\dream-ui-Dev-2\1one\team-skills\oskill_01a0945250037d12a04b6f721ff65770\SKILL.md","2026/9/12 16:37:33"
"C:\Users\allenzhao\AppData\Roaming\dream-ui-Dev-2\1one\team-skills\oskill_01a0945251e97e7391982934808c80dc\SKILL.md","2026/9/12 16:37:33"
"C:\Users\allenzhao\AppData\Roaming\dream-ui-Dev-2\1one\team-skills\oskill_01a09452559e7b32bc257a1722e5bf46\SKILL.md","2026/9/12 16:37:33"
"C:\Users\allenzhao\AppData\Roaming\dream-ui-Dev-2\1one\team-skills\oskill_01a09452569476a3a5ce70a79f5057b6\SKILL.md","2026/9/12 16:37:33"
"C:\Users\allenzhao\AppData\Roaming\dream-ui-Dev-2\1one\team-skills\oskill_01a0945257857a41bfd4b96b7ff499b7\SKILL.md","2026/9/12 16:37:33"
"C:\Users\allenzhao\AppData\Roaming\dream-ui-Dev-2\1one\team-skills\oskill_01a09452587071c0843e0578c3969ea4\SKILL.md","2026/9/12 16:37:33"
"C:\Users\allenzhao\AppData\Roaming\dream-ui-Dev-2\1one\team-skills\oskill_01a0945259617772a14db1c0af0653fc\SKILL.md","2026/9/12 16:37:33"
"C:\Users\allenzhao\AppData\Roaming\dream-ui-Dev-2\1one\team-skills\oskill_01a094525a627331af979a3c86b39213\SKILL.md","2026/9/12 16:37:33"
"C:\Users\allenzhao\AppData\Roaming\dream-ui-Dev-2\1one\team-skills\oskill_01a094525b607e719ae4eaa6fae5483a\SKILL.md","2026/9/12 16:37:33"
"C:\Users\allenzhao\AppData\Roaming\dream-ui-Dev-2\1one\team-skills\oskill_01a094525c8a74d0806178a890f662b8\SKILL.md","2026/9/12 16:37:33"
"C:\Users\allenzhao\AppData\Roaming\dream-ui-Dev-2\1one\team-skills\oskill_01a094525e207331a1682d13f75dd42a\SKILL.md","2026/9/12 16:37:33"
"C:\Users\allenzhao\AppData\Roaming\dream-ui-Dev-2\1one\team-skills\oskill_01a094525f0e7b00b99bb14148b0188d\SKILL.md","2026/9/12 16:37:33"
"C:\Users\allenzhao\AppData\Roaming\dream-ui-Dev-2\1one\team-skills\oskill_01a094525ffa7441a1234996de1d3d31\SKILL.md","2026/9/12 16:37:33"
"C:\Users\allenzhao\AppData\Roaming\dream-ui-Dev-2\1one\team-skills\oskill_01a09452615f75919011b431e8857a6c\SKILL.md","2026/9/12 16:37:33"
"C:\Users\allenzhao\AppData\Roaming\dream-ui-Dev-2\1one\team-skills\oskill_01a09452633d70f1bd494ef0038f9bbd\SKILL.md","2026/9/12 16:37:33"
"C:\Users\allenzhao\AppData\Roaming\dream-ui-Dev-2\1one\team-skills\oskill_01a09452642672a084446c3b532253e6\SKILL.md","2026/9/12 16:37:33"
"C:\Users\allenzhao\AppData\Roaming\dream-ui-Dev-2\1one\team-skills\oskill_01a09452660e7f32aaa695a2bfeccc7e\SKILL.md","2026/9/12 16:37:33"
"C:\Users\allenzhao\AppData\Roaming\dream-ui-Dev-2\1one\team-skills\oskill_01a09452670f7fa38678c74c36f793ef\SKILL.md","2026/9/12 16:37:33"
"C:\Users\allenzhao\AppData\Roaming\dream-ui-Dev-2\1one\team-skills\oskill_01a094526aa97881ba41ce9c75e0c639\SKILL.md","2026/9/12 16:37:33"
"C:\Users\allenzhao\AppData\Roaming\dream-ui-Dev-2\1one\team-skills\oskill_01a094526c2d7b61934dcaedf54ee34f\SKILL.md","2026/9/12 16:37:33"
"C:\Users\allenzhao\AppData\Roaming\dream-ui-Dev-2\1one\team-skills\oskill_01a094526d8f7e92b99e4781f7840e90\SKILL.md","2026/9/12 16:37:33"
"C:\Users\allenzhao\AppData\Roaming\dream-ui-Dev-2\1one\team-skills\oskill_01a094526e8373c3b820d74ecbb06178\SKILL.md","2026/9/12 16:37:33"
"C:\Users\allenzhao\AppData\Roaming\dream-ui-Dev-2\1one\team-skills\oskill_01a094526f8271639e910402249ba018\SKILL.md","2026/9/12 16:37:33"
"C:\Users\allenzhao\AppData\Roaming\dream-ui-Dev-2\1one\team-skills\oskill_01a09452707f7bf3b179f8cb85723dcd\SKILL.md","2026/9/12 16:37:33"
"C:\Users\allenzhao\AppData\Roaming\dream-ui-Dev-2\1one\team-skills\oskill_01a09452718e79f3af96ee3e357a10eb\SKILL.md","2026/9/12 16:37:33"
"C:\Users\allenzhao\AppData\Roaming\dream-ui-Dev-2\1one\team-skills\oskill_01a0945273207ea1be25038a017409d8\SKILL.md","2026/9/12 16:37:33"
"C:\Users\allenzhao\AppData\Roaming\dream-ui-Dev-2\1one\team-skills\oskill_01a0945274027303852dafd142a245fd\SKILL.md","2026/9/12 16:37:33"
"C:\Users\allenzhao\AppData\Roaming\dream-ui-Dev-2\1one\team-skills\oskill_01a0945274e474d29eb8d375eec6623b\SKILL.md","2026/9/12 16:37:33"
"C:\Users\allenzhao\AppData\Roaming\dream-ui-Dev-2\1one\team-skills\oskill_01a0945275d27c12928fca80d75ee59f\SKILL.md","2026/9/12 16:37:33"
"C:\Users\allenzhao\AppData\Roaming\dream-ui-Dev-2\1one\team-skills\oskill_01a0945276b67a20979a50c1d4d51ed4\SKILL.md","2026/9/12 16:37:33"
"C:\Users\allenzhao\AppData\Roaming\dream-ui-Dev-2\1one\team-skills\oskill_01a0945277a570c0bf05854643e7aab2\SKILL.md","2026/9/12 16:37:33"
"C:\Users\allenzhao\AppData\Roaming\dream-ui-Dev-2\1one\team-skills\oskill_01a0945278b57fc09e9445fe5a4f1cfb\SKILL.md","2026/9/12 16:37:33"
"C:\Users\allenzhao\AppData\Roaming\dream-ui-Dev-2\1one\team-skills\oskill_01a09452799d7660af0c9be762bb9c97\SKILL.md","2026/9/12 16:37:33"
"C:\Users\allenzhao\AppData\Roaming\dream-ui-Dev-2\1one\team-skills\oskill_01a094527adb78d28a07c8f0c9303bfc\SKILL.md","2026/9/12 16:37:33"
"C:\Users\allenzhao\AppData\Roaming\dream-ui-Dev-2\1one\team-skills\oskill_01a094527c397342b927cf56eea5c836\SKILL.md","2026/9/12 16:37:33"
"C:\Users\allenzhao\AppData\Roaming\dream-ui-Dev-2\1one\team-skills\oskill_01a094527e087cf09c7b6735610f9efe\SKILL.md","2026/9/12 16:37:33"
"C:\Users\allenzhao\AppData\Roaming\dream-ui-Dev-2\1one\team-skills\oskill_01a094527eff79f0baa885585a77e497\SKILL.md","2026/9/12 16:37:33"
"C:\Users\allenzhao\AppData\Roaming\dream-ui-Dev-2\1one\team-skills\oskill_01a0945280d17ac2a105e86a741bda5b\SKILL.md","2026/9/12 16:37:33"
"C:\Users\allenzhao\AppData\Roaming\dream-ui-Dev-2\1one\team-skills\oskill_01a0945282c07a50b07a83e41d13d4e9\SKILL.md","2026/9/12 16:37:33"
"C:\Users\allenzhao\AppData\Roaming\dream-ui-Dev-2\1one\team-skills\oskill_01a0945283c27ab3a35bf825dc2a4c91\SKILL.md","2026/9/12 16:37:33"
"C:\Users\allenzhao\AppData\Roaming\dream-ui-Dev-2\1one\team-skills\oskill_01a0945285dc7bd38eafd6cf11af721c\SKILL.md","2026/9/12 16:37:33"
"C:\Users\allenzhao\AppData\Roaming\dream-ui-Dev-2\1one\team-skills\oskill_01a094528732728288533f1ef980fa58\SKILL.md","2026/9/12 16:37:33"
"C:\Users\allenzhao\AppData\Roaming\dream-ui-Dev-2\1one\team-skills\oskill_01a0945288f872a1834312054c2f697c\SKILL.md","2026/9/12 16:37:33"
"C:\Users\allenzhao\AppData\Roaming\dream-ui-Dev-2\1one\team-skills\oskill_01a094528adf7bc29989a4d6992e9236\SKILL.md","2026/9/12 16:37:33"
"C:\Users\allenzhao\AppData\Roaming\dream-ui-Dev-2\1one\team-skills\oskill_01a094528e5b7152b3b74e6c85c70e18\SKILL.md","2026/9/12 16:37:33"
"C:\Users\allenzhao\AppData\Roaming\dream-ui-Dev-2\1one\team-skills\oskill_01a0945290197911b7f870039cef364e\SKILL.md","2026/9/12 16:37:33"
"C:\Users\allenzhao\AppData\Roaming\dream-ui-Dev-2\1one\team-skills\oskill_01a09452912d7120870da31bef1fb6a0\SKILL.md","2026/9/12 16:37:33"
"C:\Users\allenzhao\AppData\Roaming\dream-ui-Dev-2\1one\team-skills\oskill_01a0945292537030956ad8f009dc5a6b\SKILL.md","2026/9/12 16:37:33"
"C:\Users\allenzhao\AppData\Roaming\dream-ui-Dev-2\1one\team-skills\oskill_01a0945293387d40802207f6e1a79c22\SKILL.md","2026/9/12 16:37:33"
"C:\Users\allenzhao\AppData\Roaming\dream-ui-Dev-2\1one\team-skills\oskill_01a09452953e7b7089047f46305f36f5\SKILL.md","2026/9/12 16:37:33"
"C:\Users\allenzhao\AppData\Roaming\dream-ui-Dev-2\1one\team-skills\oskill_01a09452997977e39b9a2597aac4415e\SKILL.md","2026/9/12 16:37:33"
"C:\Users\allenzhao\AppData\Roaming\dream-ui-Dev-2\1one\team-skills\oskill_01a094529ae47682b0280cf846af311a\SKILL.md","2026/9/12 16:37:33"
"C:\Users\allenzhao\AppData\Roaming\dream-ui-Dev-2\1one\team-skills\oskill_01a094529ccb7dd2ac6bb2b2ecfb81f1\SKILL.md","2026/9/12 16:37:33"
"C:\Users\allenzhao\AppData\Roaming\dream-ui-Dev-2\1one\team-skills\oskill_01a094529db37773a282ba6fc94f9647\SKILL.md","2026/9/12 16:37:33"
"C:\Users\allenzhao\AppData\Roaming\dream-ui-Dev-2\1one\team-skills\oskill_01a094529fed7e119a6eab1961d157c0\SKILL.md","2026/9/12 16:37:33"
"C:\Users\allenzhao\AppData\Roaming\dream-ui-Dev-2\1one\team-skills\oskill_01a09452a0d07a60a71cf22c9a9b8e77\SKILL.md","2026/9/12 16:37:33"
"C:\Users\allenzhao\AppData\Roaming\dream-ui-Dev-2\1one\team-skills\oskill_01a09452a2067d72b2503422eab217b9\SKILL.md","2026/9/12 16:37:33"
"C:\Users\allenzhao\AppData\Roaming\dream-ui-Dev-2\1one\team-skills\oskill_01a09452a2f673c3b5f02d5acf628343\SKILL.md","2026/9/12 16:37:33"
"C:\Users\allenzhao\AppData\Roaming\dream-ui-Dev-2\1one\team-skills\oskill_01a09452a3e979d381de9c348e5e0a9b\SKILL.md","2026/9/12 16:37:33"
"C:\Users\allenzhao\AppData\Roaming\dream-ui-Dev-2\1one\team-skills\oskill_01a09452a4e17161bc7a95c93696b9f3\SKILL.md","2026/9/12 16:37:33"
"C:\Users\allenzhao\AppData\Roaming\dream-ui-Dev-2\1one\team-skills\oskill_01a09452a6c8752199bb4af0f761bae4\SKILL.md","2026/9/12 16:37:33"
"C:\Users\allenzhao\AppData\Roaming\dream-ui-Dev-2\1one\team-skills\oskill_01a09452a8b877b38556ba6794f97b93\SKILL.md","2026/9/12 16:37:33"
"C:\Users\allenzhao\AppData\Roaming\dream-ui-Dev-2\1one\team-skills\oskill_01a09452ac29775099535c45cad209da\SKILL.md","2026/9/12 16:37:33"
"C:\Users\allenzhao\AppData\Roaming\dream-ui-Dev-2\1one\team-skills\oskill_01a09452ae327a309a626b8c74689b10\SKILL.md","2026/9/12 16:37:33"
"C:\Users\allenzhao\AppData\Roaming\dream-ui-Dev-2\1one\team-skills\oskill_01a09452af377e63b14b03fdb9e14845\SKILL.md","2026/9/12 16:37:33"
"C:\Users\allenzhao\AppData\Roaming\dream-ui-Dev-2\1one\team-skills\oskill_01a09452b0257321bbc7f1da9f910fa2\SKILL.md","2026/9/12 16:37:33"
"C:\Users\allenzhao\AppData\Roaming\dream-ui-Dev-2\1one\team-skills\oskill_01a09452b1217b3198608dd9836f0aec\SKILL.md","2026/9/12 16:37:33"
"C:\Users\allenzhao\AppData\Roaming\dream-ui-Dev-2\1one\team-skills\oskill_01a09452b2be7e11a0fae383ddc6ec92\SKILL.md","2026/9/12 16:37:33"
"C:\Users\allenzhao\AppData\Roaming\dream-ui-Dev-2\1one\team-skills\oskill_01a09452b3ae7a3297e51a4b2bc6241d\SKILL.md","2026/9/12 16:37:33"
"C:\Users\allenzhao\AppData\Roaming\dream-ui-Dev-2\1one\team-skills\oskill_01a09452b58e7ef3b71b32c782803303\SKILL.md","2026/9/12 16:37:33"
"C:\Users\allenzhao\AppData\Roaming\dream-ui-Dev-2\1one\team-skills\oskill_01a09452b7dc7e4290d6fd0f392c24a8\SKILL.md","2026/9/12 16:37:33"
"C:\Users\allenzhao\AppData\Roaming\dream-ui-Dev-2\1one\team-skills\oskill_01a09452b8ce7c5381c31822a5624e4f\SKILL.md","2026/9/12 16:37:33"
"C:\Users\allenzhao\AppData\Roaming\dream-ui-Dev-2\1one\team-skills\oskill_01a09452b9d971f2ad55bd5a0590390e\SKILL.md","2026/9/12 16:37:33"
"C:\Users\allenzhao\AppData\Roaming\dream-ui-Dev-2\1one\team-skills\oskill_01a09452bba875e38671b22890f89d8d\SKILL.md","2026/9/12 16:37:33"
"C:\Users\allenzhao\AppData\Roaming\dream-ui-Dev-2\1one\team-skills\oskill_01a09452bc9777e1822a48b73b706a7a\SKILL.md","2026/9/12 16:37:33"
"C:\Users\allenzhao\AppData\Roaming\dream-ui-Dev-2\1one\team-skills\oskill_01a09452be857a50b691b543f79b3994\SKILL.md","2026/9/12 16:37:33"
"C:\Users\allenzhao\AppData\Roaming\dream-ui-Dev-2\1one\team-skills\oskill_01a09452c0ca73509891f0abb7614d4e\SKILL.md","2026/9/12 16:37:33"
"C:\Users\allenzhao\AppData\Roaming\dream-ui-Dev-2\1one\team-skills\oskill_01a09452c1ec79209c6df2c7e1f8f451\SKILL.md","2026/9/12 16:37:33"
"C:\Users\allenzhao\AppData\Roaming\dream-ui-Dev-2\1one\team-skills\oskill_01a09452c6d07c63a89ed02f51434d12\SKILL.md","2026/9/12 16:37:33"
"C:\Users\allenzhao\AppData\Roaming\dream-ui-Dev-2\1one\team-skills\oskill_01a09452c97a75f1a5699ce1a2ad449a\SKILL.md","2026/9/12 16:37:33"
"C:\Users\allenzhao\AppData\Roaming\dream-ui-Dev-2\1one\team-skills\oskill_01a09452cb727d52afbf4d264f7fa87c\SKILL.md","2026/9/12 16:37:33"
"C:\Users\allenzhao\AppData\Roaming\dream-ui-Dev-2\1one\team-skills\oskill_01a09452ccbf7352a88ebdd7e280899b\SKILL.md","2026/9/12 16:37:33"
"C:\Users\allenzhao\AppData\Roaming\dream-ui-Dev-2\1one\team-skills\oskill_01a09452cdf07f508325c5f593760db0\SKILL.md","2026/9/12 16:37:33"
"C:\Users\allenzhao\AppData\Roaming\dream-ui-Dev-2\1one\team-skills\oskill_01a09452cf997d53a22569cfb72004a8\SKILL.md","2026/9/12 16:37:33"
"C:\Users\allenzhao\AppData\Roaming\dream-ui-Dev-2\1one\team-skills\oskill_01a09452d1427cd3a43243760404ae70\SKILL.md","2026/9/12 16:37:33"
"C:\Users\allenzhao\AppData\Roaming\dream-ui-Dev-2\1one\team-skills\oskill_01a09452d4357f8192093068f37fc2de\SKILL.md","2026/9/12 16:37:33"
"C:\Users\allenzhao\AppData\Roaming\dream-ui-Dev-2\1one\team-skills\oskill_01a09452d53570208b9b0448f5d52006\SKILL.md","2026/9/12 16:37:33"
"C:\Users\allenzhao\AppData\Roaming\dream-ui-Dev-2\1one\team-skills\oskill_01a09452d6c07c009829daca3ee54965\SKILL.md","2026/9/12 16:37:33"
"C:\Users\allenzhao\AppData\Roaming\dream-ui-Dev-2\1one\team-skills\oskill_01a09452da707b4184ef11ab2139ed91\SKILL.md","2026/9/12 16:37:33"
"C:\Users\allenzhao\AppData\Roaming\dream-ui-Dev-2\1one\team-skills\oskill_01a09452db667bb1a00869de0ca226c5\SKILL.md","2026/9/12 16:37:33"
"C:\Users\allenzhao\AppData\Roaming\dream-ui-Dev-2\1one\team-skills\oskill_01a09452dd8b7453b453e40fcc3e3bd2\SKILL.md","2026/9/12 16:37:33"
"C:\Users\allenzhao\AppData\Roaming\dream-ui-Dev-2\1one\team-skills\oskill_01a09452de837772a9ba74e672575ea3\SKILL.md","2026/9/12 16:37:33"
"C:\Users\allenzhao\AppData\Roaming\dream-ui-Dev-2\1one\team-skills\oskill_01a09452dfb67951a616756885086c6a\SKILL.md","2026/9/12 16:37:33"
"C:\Users\allenzhao\AppData\Roaming\dream-ui-Dev-2\1one\team-skills\oskill_01a09452e0a676d28cf1c5d7912e8fd5\SKILL.md","2026/9/12 16:37:33"
"C:\Users\allenzhao\AppData\Roaming\dream-ui-Dev-2\1one\team-skills\oskill_01a09452e19a75a3970e1ae7760ddfd7\SKILL.md","2026/9/12 16:37:33"
"C:\Users\allenzhao\AppData\Roaming\dream-ui-Dev-2\1one\team-skills\oskill_01a09452e5a97da0b5b18bb5f608e7e8\SKILL.md","2026/9/12 16:37:33"
"C:\Users\allenzhao\AppData\Roaming\dream-ui-Dev-2\1one\team-skills\oskill_01a09452e69577319d7f0b35decaa4c4\SKILL.md","2026/9/12 16:37:33"
"C:\Users\allenzhao\AppData\Roaming\dream-ui-Dev-2\1one\team-skills\oskill_01a09452e88875c3bf35a3c2b6603900\SKILL.md","2026/9/12 16:37:33"
"C:\Users\allenzhao\AppData\Roaming\dream-ui-Dev-2\1one\team-skills\oskill_01a09452ec01725190fdac7f52e97955\SKILL.md","2026/9/12 16:37:33"
"C:\Users\allenzhao\AppData\Roaming\dream-ui-Dev-2\1one\team-skills\oskill_01a09452ecf57860aa5cfa9b6efa4d11\SKILL.md","2026/9/12 16:37:33"
"C:\Users\allenzhao\AppData\Roaming\dream-ui-Dev-2\1one\team-skills\oskill_01a09452eddb78539c23235bc2cc915b\SKILL.md","2026/9/12 16:37:33"
"C:\Users\allenzhao\AppData\Roaming\dream-ui-Dev-2\1one\team-skills\oskill_01a09452eec17851a753c81ed483546c\SKILL.md","2026/9/12 16:37:33"
"C:\Users\allenzhao\AppData\Roaming\dream-ui-Dev-2\1one\team-skills\oskill_01a09452f0a673228b6dfe16c5e9ab51\SKILL.md","2026/9/12 16:37:33"
"C:\Users\allenzhao\AppData\Roaming\dream-ui-Dev-2\1one\team-skills\oskill_01a09452f20470e1a679a8018da14f22\SKILL.md","2026/9/12 16:37:33"
"C:\Users\allenzhao\AppData\Roaming\dream-ui-Dev-2\1one\team-skills\oskill_01a09452f33478b29354b257c885c916\SKILL.md","2026/9/12 16:37:33"
"C:\Users\allenzhao\AppData\Roaming\dream-ui-Dev-2\1one\team-skills\oskill_01a09452f51b7783b05e98804eca29a3\SKILL.md","2026/9/12 16:37:33"
"C:\Users\allenzhao\AppData\Roaming\dream-ui-Dev-2\1one\team-skills\oskill_01a09452f6f471c2822ddb56282acedc\SKILL.md","2026/9/12 16:37:33"
"C:\Users\allenzhao\AppData\Roaming\dream-ui-Dev-2\1one\team-skills\oskill_01a09452f7ed7e819dc60c585114ebb2\SKILL.md","2026/9/12 16:37:33"
"C:\Users\allenzhao\AppData\Roaming\dream-ui-Dev-2\1one\team-skills\oskill_01a09452f8df735281a4e1d2bed79cfd\SKILL.md","2026/9/12 16:37:33"
"C:\Users\allenzhao\AppData\Roaming\dream-ui-Dev-2\1one\team-skills\oskill_01a09452f9ea7ab2b1dd68081809d8eb\SKILL.md","2026/9/12 16:37:33"
"C:\Users\allenzhao\AppData\Roaming\dream-ui-Dev-2\1one\team-skills\oskill_01a09452fadc71a2a395f02909538da0\SKILL.md","2026/9/12 16:37:33"
"C:\Users\allenzhao\AppData\Roaming\dream-ui-Dev-2\1one\team-skills\oskill_01a09452fbc677329fb2e823d8a323b9\SKILL.md","2026/9/12 16:37:33"
"C:\Users\allenzhao\AppData\Roaming\dream-ui-Dev-2\1one\team-skills\oskill_01a09452fd797c83a738cb3111cc053f\SKILL.md","2026/9/12 16:37:33"
"C:\Users\allenzhao\AppData\Roaming\dream-ui-Dev-2\1one\team-skills\oskill_01a09452fe957d7393cd4c8c7024298b\SKILL.md","2026/9/12 16:37:33"
"C:\Users\allenzhao\AppData\Roaming\dream-ui-Dev-2\1one\team-skills\oskill_01a09453010570218e3047b7c7aa995f\SKILL.md","2026/9/12 16:37:33"
"C:\Users\allenzhao\AppData\Roaming\dream-ui-Dev-2\1one\team-skills\oskill_01a0945301ed731281218321516bd5a7\SKILL.md","2026/9/12 16:37:33"
"C:\Users\allenzhao\AppData\Roaming\dream-ui-Dev-2\1one\team-skills\oskill_01a09453030978609cf35306bee750fe\SKILL.md","2026/9/12 16:37:33"
"C:\Users\allenzhao\AppData\Roaming\dream-ui-Dev-2\1one\team-skills\oskill_01a0945303fe7be086b5ed6ef6483f3c\SKILL.md","2026/9/12 16:37:33"
"C:\Users\allenzhao\AppData\Roaming\dream-ui-Dev-2\1one\team-skills\oskill_01a0945307017710bf2e051137c8fbf3\SKILL.md","2026/9/12 16:37:33"
"C:\Users\allenzhao\AppData\Roaming\dream-ui-Dev-2\1one\team-skills\oskill_01a0945308d67c90a34cdee09783f13f\SKILL.md","2026/9/12 16:37:33"
"C:\Users\allenzhao\AppData\Roaming\dream-ui-Dev-2\1one\team-skills\oskill_01a0945309bc7683a82cf63af4706683\SKILL.md","2026/9/12 16:37:33"
"C:\Users\allenzhao\AppData\Roaming\dream-ui-Dev-2\1one\team-skills\oskill_01a094530afd7e63bd483b3e765ba556\SKILL.md","2026/9/12 16:37:33"
"C:\Users\allenzhao\AppData\Roaming\dream-ui-Dev-2\1one\team-skills\oskill_01a094530bf37021a22aad974de6d9f9\SKILL.md","2026/9/12 16:37:33"
"C:\Users\allenzhao\AppData\Roaming\dream-ui-Dev-2\1one\team-skills\oskill_01a094530dd07cc396b1265dec0bbfda\SKILL.md","2026/9/12 16:37:33"
"C:\Users\allenzhao\AppData\Roaming\dream-ui-Dev-2\1one\team-skills\oskill_01a094530fcf703181f7c6a6c46bdaea\SKILL.md","2026/9/12 16:37:33"
"C:\Users\allenzhao\AppData\Roaming\dream-ui-Dev-2\1one\team-skills\oskill_01a0945310b97fe28ce0ad0247199515\SKILL.md","2026/9/12 16:37:33"
"C:\Users\allenzhao\AppData\Roaming\dream-ui-Dev-2\1one\team-skills\oskill_01a0945314357e01b906e96932fb57f5\SKILL.md","2026/9/12 16:37:33"
"C:\Users\allenzhao\AppData\Roaming\dream-ui-Dev-2\1one\team-skills\oskill_01a094531529784196a7be9ce3e11208\SKILL.md","2026/9/12 16:37:33"
"C:\Users\allenzhao\AppData\Roaming\dream-ui-Dev-2\1one\team-skills\oskill_01a09453162f78d18d6d91d06173a71a\SKILL.md","2026/9/12 16:37:33"
"C:\Users\allenzhao\AppData\Roaming\dream-ui-Dev-2\1one\team-skills\oskill_01a09453172774d3b6f8af43f526697d\SKILL.md","2026/9/12 16:37:33"
"C:\Users\allenzhao\AppData\Roaming\dream-ui-Dev-2\1one\team-skills\oskill_01a09453190f75a297b2fe2ff6c5032d\SKILL.md","2026/9/12 16:37:33"
"C:\Users\allenzhao\AppData\Roaming\dream-ui-Dev-2\1one\team-skills\oskill_01a094531a9777e19d53133daf137460\SKILL.md","2026/9/12 16:37:33"
"C:\Users\allenzhao\AppData\Roaming\dream-ui-Dev-2\1one\team-skills\oskill_01a094531b917bf19c2dab372ec96730\SKILL.md","2026/9/12 16:37:33"
"C:\Users\allenzhao\AppData\Roaming\dream-ui-Dev-2\1one\team-skills\oskill_01a094531c837961acea7fa0a2d025ba\SKILL.md","2026/9/12 16:37:33"
"C:\Users\allenzhao\AppData\Roaming\dream-ui-Dev-2\1one\team-skills\oskill_01a094531d6770c187d200d3d8f4f56f\SKILL.md","2026/9/12 16:37:33"
"C:\Users\allenzhao\AppData\Roaming\dream-ui-Dev-2\1one\team-skills\oskill_01a094531e6271e286bfa3b65607df05\SKILL.md","2026/9/12 16:37:33"
"C:\Users\allenzhao\AppData\Roaming\dream-ui-Dev-2\1one\team-skills\oskill_01a094532044708290024688b7d40a28\SKILL.md","2026/9/12 16:37:33"
"C:\Users\allenzhao\AppData\Roaming\dream-ui-Dev-2\1one\team-skills\oskill_01a09453223671c2884f8ad7d494b7c9\SKILL.md","2026/9/12 16:37:33"
"C:\Users\allenzhao\AppData\Roaming\dream-ui-Dev-2\1one\team-skills\oskill_01a0945323447f32a687563cf92c694e\SKILL.md","2026/9/12 16:37:33"
"C:\Users\allenzhao\AppData\Roaming\dream-ui-Dev-2\1one\team-skills\oskill_01a0945326df784396795cdef83fd0f5\SKILL.md","2026/9/12 16:37:33"
"C:\Users\allenzhao\AppData\Roaming\dream-ui-Dev-2\1one\team-skills\oskill_01a0945328487170b242a740f3a4427a\SKILL.md","2026/9/12 16:37:33"
"C:\Users\allenzhao\AppData\Roaming\dream-ui-Dev-2\1one\team-skills\oskill_01a09453293c7fe283923505c37513b5\SKILL.md","2026/9/12 16:37:33"
"C:\Users\allenzhao\AppData\Roaming\dream-ui-Dev-2\1one\team-skills\oskill_01a094532b5e77d1947617d3d43bcd6b\SKILL.md","2026/9/12 16:37:33"
"C:\Users\allenzhao\AppData\Roaming\dream-ui-Dev-2\1one\team-skills\oskill_01a094532e5371518f072191a6335b71\SKILL.md","2026/9/12 16:37:33"
"C:\Users\allenzhao\AppData\Roaming\dream-ui-Dev-2\1one\team-skills\oskill_01a0945330567cc193444b30ea0dcea3\SKILL.md","2026/9/12 16:37:33"
"C:\Users\allenzhao\AppData\Roaming\dream-ui-Dev-2\1one\team-skills\oskill_01a09453314e74d281ec6c4378ea4373\SKILL.md","2026/9/12 16:37:33"
"C:\Users\allenzhao\AppData\Roaming\dream-ui-Dev-2\1one\team-skills\oskill_01a0945332ce7b60a0346d0efd7fc955\SKILL.md","2026/9/12 16:37:33"
"C:\Users\allenzhao\AppData\Roaming\dream-ui-Dev-2\1one\team-skills\oskill_01a0945336397271a07400eca2de4129\SKILL.md","2026/9/12 16:37:33"
"C:\Users\allenzhao\AppData\Roaming\dream-ui-Dev-2\1one\team-skills\oskill_01a094533838702290e5c3438ef65ea8\SKILL.md","2026/9/12 16:37:33"
"C:\Users\allenzhao\AppData\Roaming\dream-ui-Dev-2\1one\team-skills\oskill_01a09453398f76709b75f9dc73960333\SKILL.md","2026/9/12 16:37:33"
"C:\Users\allenzhao\AppData\Roaming\dream-ui-Dev-2\1one\team-skills\oskill_01a094533bac7353b1c6de79e6f5c593\SKILL.md","2026/9/12 16:37:33"
"C:\Users\allenzhao\AppData\Roaming\dream-ui-Dev-2\1one\team-skills\oskill_01a094533cdc7250a566a9e64c94cd33\SKILL.md","2026/9/12 16:37:33"
"C:\Users\allenzhao\AppData\Roaming\dream-ui-Dev-2\1one\team-skills\oskill_01a094533dcd7a80ae67ee87baf3f0a1\SKILL.md","2026/9/12 16:37:33"
"C:\Users\allenzhao\AppData\Roaming\dream-ui-Dev-2\1one\team-skills\oskill_01a094533fca7622aa3cf9ef95897bcb\SKILL.md","2026/9/12 16:37:33"
"C:\Users\allenzhao\AppData\Roaming\dream-ui-Dev-2\1one\team-skills\oskill_01a0945341a07b919c8dea31210634c4\SKILL.md","2026/9/12 16:37:33"
"C:\Users\allenzhao\AppData\Roaming\dream-ui-Dev-2\1one\team-skills\oskill_01a09453437b7870b417faf1516a154f\SKILL.md","2026/9/12 16:37:33"
"C:\Users\allenzhao\AppData\Roaming\dream-ui-Dev-2\1one\team-skills\oskill_01a09453452279b19c4563590c75bb5e\SKILL.md","2026/9/12 16:37:33"
"C:\Users\allenzhao\AppData\Roaming\dream-ui-Dev-2\1one\team-skills\oskill_01a0945347127bb3bf27dd806fa51292\SKILL.md","2026/9/12 16:37:33"
"C:\Users\allenzhao\AppData\Roaming\dream-ui-Dev-2\1one\team-skills\oskill_01a0945348037e3381d198738fb59bec\SKILL.md","2026/9/12 16:37:33"
"C:\Users\allenzhao\AppData\Roaming\dream-ui-Dev-2\1one\team-skills\oskill_01a0945348f97db3b0a8846b1976233b\SKILL.md","2026/9/12 16:37:33"
"C:\Users\allenzhao\AppData\Roaming\dream-ui-Dev-2\1one\team-skills\oskill_01a094534a197d61b4954e904f1c27d2\SKILL.md","2026/9/12 16:37:33"
"C:\Users\allenzhao\AppData\Roaming\dream-ui-Dev-2\1one\team-skills\oskill_01a094534b0277a185c6bbebc10cd83c\SKILL.md","2026/9/12 16:37:33"
"C:\Users\allenzhao\AppData\Roaming\dream-ui-Dev-2\1one\team-skills\oskill_01a094534cef7e50bd19182f18d06639\SKILL.md","2026/9/12 16:37:33"
"C:\Users\allenzhao\AppData\Roaming\dream-ui-Dev-2\1one\team-skills\oskill_01a094534de175709a11b503b31d2e5a\SKILL.md","2026/9/12 16:37:33"
"C:\Users\allenzhao\AppData\Roaming\dream-ui-Dev-2\1one\team-skills\oskill_01a094534fc67631a46f004c95f6e1ff\SKILL.md","2026/9/12 16:37:33"
"C:\Users\allenzhao\AppData\Roaming\dream-ui-Dev-2\1one\team-skills\oskill_01a0945354187970873dc24e8ef62000\SKILL.md","2026/9/12 16:37:33"
"C:\Users\allenzhao\AppData\Roaming\dream-ui-Dev-2\1one\team-skills\oskill_01a094535553763295c47568590662d0\SKILL.md","2026/9/12 16:37:33"
"C:\Users\allenzhao\AppData\Roaming\dream-ui-Dev-2\1one\team-skills\oskill_01a0945356c474f3abcec491e723d578\SKILL.md","2026/9/12 16:37:33"
"C:\Users\allenzhao\AppData\Roaming\dream-ui-Dev-2\1one\team-skills\oskill_01a0945357ea7ed1a7df829f5763dec4\SKILL.md","2026/9/12 16:37:33"
"C:\Users\allenzhao\AppData\Roaming\dream-ui-Dev-2\1one\team-skills\oskill_01a09453593b7791ae12e8f12983d692\SKILL.md","2026/9/12 16:37:33"
"C:\Users\allenzhao\AppData\Roaming\dream-ui-Dev-2\1one\team-skills\oskill_01a094535ae47ba2a1e3d5cd2dc433d8\SKILL.md","2026/9/12 16:37:33"
"C:\Users\allenzhao\AppData\Roaming\dream-ui-Dev-2\1one\team-skills\oskill_01a094535c6b7e128e6509dcccf303f1\SKILL.md","2026/9/12 16:37:33"
"C:\Users\allenzhao\AppData\Roaming\dream-ui-Dev-2\1one\team-skills\oskill_01a094535d557a938b5a251690a7f843\SKILL.md","2026/9/12 16:37:33"
"C:\Users\allenzhao\AppData\Roaming\dream-ui-Dev-2\1one\team-skills\oskill_01a094535f127ee3aec11e0b1e340781\SKILL.md","2026/9/12 16:37:33"
"C:\Users\allenzhao\AppData\Roaming\dream-ui-Dev-2\1one\team-skills\oskill_01a0945360c47c7281cf965605d509b6\SKILL.md","2026/9/12 16:37:33"
"C:\Users\allenzhao\AppData\Roaming\dream-ui-Dev-2\1one\team-skills\oskill_01a0945365787aa09afc346e7e2d2dce\SKILL.md","2026/9/12 16:37:33"
"C:\Users\allenzhao\AppData\Roaming\dream-ui-Dev-2\1one\team-skills\oskill_01a0945366697433a5c6bc9acdc0a9d9\SKILL.md","2026/9/12 16:37:33"
"C:\Users\allenzhao\AppData\Roaming\dream-ui-Dev-2\1one\team-skills\oskill_01a0945367a17370967b29be2f524486\SKILL.md","2026/9/12 16:37:33"
"C:\Users\allenzhao\AppData\Roaming\dream-ui-Dev-2\1one\team-skills\oskill_01a09453689b7d50b7da5d0556c2183d\SKILL.md","2026/9/12 16:37:33"
"C:\Users\allenzhao\AppData\Roaming\dream-ui-Dev-2\1one\team-skills\oskill_01a09453698a7701a265b33adb3a8a60\SKILL.md","2026/9/12 16:37:33"
"C:\Users\allenzhao\AppData\Roaming\dream-ui-Dev-2\1one\team-skills\oskill_01a094536b787813b825120094bffbf9\SKILL.md","2026/9/12 16:37:33"
"C:\Users\allenzhao\AppData\Roaming\dream-ui-Dev-2\1one\team-skills\oskill_01a094536d6e7661aa297b7289b86176\SKILL.md","2026/9/12 16:37:33"
"C:\Users\allenzhao\AppData\Roaming\dream-ui-Dev-2\1one\team-skills\oskill_01a0945371037c30917faeb1160a6cd0\SKILL.md","2026/9/12 16:37:33"
"C:\Users\allenzhao\AppData\Roaming\dream-ui-Dev-2\1one\team-skills\oskill_01a0945372cc7840a1db66c6a5dd3858\SKILL.md","2026/9/12 16:37:33"
"C:\Users\allenzhao\AppData\Roaming\dream-ui-Dev-2\1one\team-skills\oskill_01a0945374437ad3be3b707d270b4fb6\SKILL.md","2026/9/12 16:37:33"
"C:\Users\allenzhao\AppData\Roaming\dream-ui-Dev-2\1one\team-skills\oskill_01a0945375637e6392f485f1c80c855c\SKILL.md","2026/9/12 16:37:32"
"C:\Users\allenzhao\AppData\Roaming\dream-ui-Dev-2\1one\team-skills\oskill_01a0945377567c3195b9844bf8134a0b\SKILL.md","2026/9/12 16:37:32"
"C:\Users\allenzhao\AppData\Roaming\dream-ui-Dev-2\1one\team-skills\oskill_01a09453783b7f52b6197b4c48a0ee0a\SKILL.md","2026/9/12 16:37:32"
"C:\Users\allenzhao\AppData\Roaming\dream-ui-Dev-2\1one\team-skills\oskill_01a094537c207133abec34b384b6b02e\SKILL.md","2026/9/12 16:37:32"
"C:\Users\allenzhao\AppData\Roaming\dream-ui-Dev-2\1one\team-skills\oskill_01a094537d1275208bc922b5afce7831\SKILL.md","2026/9/12 16:37:32"
"C:\Users\allenzhao\AppData\Roaming\dream-ui-Dev-2\1one\team-skills\oskill_01a094537dfd7070973c33b2ea24dd89\SKILL.md","2026/9/12 16:37:32"
"C:\Users\allenzhao\AppData\Roaming\dream-ui-Dev-2\1one\team-skills\oskill_01a094537fad79e1a1d3cfb22ea1573f\SKILL.md","2026/9/12 16:37:32"
"C:\Users\allenzhao\AppData\Roaming\dream-ui-Dev-2\1one\team-skills\oskill_01a0945383977d80bb98981c4ca372c3\SKILL.md","2026/9/12 16:37:32"
"C:\Users\allenzhao\AppData\Roaming\dream-ui-Dev-2\1one\team-skills\oskill_01a09453849476a09a2648bca722b95f\SKILL.md","2026/9/12 16:37:32"
"C:\Users\allenzhao\AppData\Roaming\dream-ui-Dev-2\1one\team-skills\oskill_01a0945385dd7853987809fdb4520d3f\SKILL.md","2026/9/12 16:37:32"
"C:\Users\allenzhao\AppData\Roaming\dream-ui-Dev-2\1one\team-skills\oskill_01a0945387c477b29cdcadd54273b38a\SKILL.md","2026/9/12 16:37:32"
"C:\Users\allenzhao\AppData\Roaming\dream-ui-Dev-2\1one\team-skills\oskill_01a0945388b170539672ae4835103fb2\SKILL.md","2026/9/12 16:37:32"
"C:\Users\allenzhao\AppData\Roaming\dream-ui-Dev-2\1one\team-skills\oskill_01a0945389a67e43b2e1603a2da621b4\SKILL.md","2026/9/12 16:37:32"
"C:\Users\allenzhao\AppData\Roaming\dream-ui-Dev-2\1one\team-skills\oskill_01a094538bbe7b8081b73a8bcb0a2bbe\SKILL.md","2026/9/12 16:37:32"
"C:\Users\allenzhao\AppData\Roaming\dream-ui-Dev-2\1one\team-skills\oskill_01a094538cbe75e0a7cdf10aef4eccb5\SKILL.md","2026/9/12 16:37:32"
"C:\Users\allenzhao\AppData\Roaming\dream-ui-Dev-2\1one\team-skills\oskill_01a094538db27f9081be729b96215877\SKILL.md","2026/9/12 16:37:32"
"C:\Users\allenzhao\AppData\Roaming\dream-ui-Dev-2\1one\team-skills\oskill_01a0945391257cc0871e9ac9ebf89af9\SKILL.md","2026/9/12 16:37:32"
"C:\Users\allenzhao\AppData\Roaming\dream-ui-Dev-2\1one\team-skills\oskill_01a09453935071b1a17c034e5584f1ba\SKILL.md","2026/9/12 16:37:32"
"C:\Users\allenzhao\AppData\Roaming\dream-ui-Dev-2\1one\team-skills\oskill_01a0945394a07350a565ffc026ad02b3\SKILL.md","2026/9/12 16:37:32"
"C:\Users\allenzhao\AppData\Roaming\dream-ui-Dev-2\1one\team-skills\oskill_01a0945395b77e71bd538ffeba518953\SKILL.md","2026/9/12 16:37:32"
"C:\Users\allenzhao\AppData\Roaming\dream-ui-Dev-2\1one\team-skills\oskill_01a0945396a17271b9708334fd062aa5\SKILL.md","2026/9/12 16:37:32"
"C:\Users\allenzhao\AppData\Roaming\dream-ui-Dev-2\1one\team-skills\oskill_01a094539ab97800a72017bd303197b4\SKILL.md","2026/9/12 16:37:32"
"C:\Users\allenzhao\AppData\Roaming\dream-ui-Dev-2\1one\team-skills\oskill_01a094539bb27932936d3da8b095307a\SKILL.md","2026/9/12 16:37:32"
"C:\Users\allenzhao\AppData\Roaming\dream-ui-Dev-2\1one\team-skills\oskill_01a094539ca77c8397e5e30d456ce297\SKILL.md","2026/9/12 16:37:32"
"C:\Users\allenzhao\AppData\Roaming\dream-ui-Dev-2\1one\team-skills\oskill_01a094539da17013ab43cdd0007886f2\SKILL.md","2026/9/12 16:37:32"
"C:\Users\allenzhao\AppData\Roaming\dream-ui-Dev-2\1one\team-skills\oskill_01a094539f8777308d668a6baca0e116\SKILL.md","2026/9/12 16:37:32"
"C:\Users\allenzhao\AppData\Roaming\dream-ui-Dev-2\1one\team-skills\oskill_01a09453a18379528a9c8e9a66671a06\SKILL.md","2026/9/12 16:37:32"
"C:\Users\allenzhao\AppData\Roaming\dream-ui-Dev-2\1one\team-skills\oskill_01a09453a3687241aeaa256b7178b297\SKILL.md","2026/9/12 16:37:32"
"C:\Users\allenzhao\AppData\Roaming\dream-ui-Dev-2\1one\team-skills\oskill_01a09453a56076818c7070e535dff206\SKILL.md","2026/9/12 16:37:32"
"C:\Users\allenzhao\AppData\Roaming\dream-ui-Dev-2\1one\team-skills\oskill_01a09453a65776e1b22485c412ee1639\SKILL.md","2026/9/12 16:37:32"
"C:\Users\allenzhao\AppData\Roaming\dream-ui-Dev-2\1one\team-skills\oskill_01a09453a8ce72229b1e48213f5e5c30\SKILL.md","2026/9/12 16:37:32"
"C:\Users\allenzhao\AppData\Roaming\dream-ui-Dev-2\1one\team-skills\oskill_01a09453a9c27d83b9a41cd48cb38bd0\SKILL.md","2026/9/12 16:37:32"
"C:\Users\allenzhao\AppData\Roaming\dream-ui-Dev-2\1one\team-skills\oskill_01a09453ab6c7e01bced1b4db20a7c01\SKILL.md","2026/9/12 16:37:32"
"C:\Users\allenzhao\AppData\Roaming\dream-ui-Dev-2\1one\team-skills\oskill_01a09453ad6d7ff18c0ebd52c730e4c2\SKILL.md","2026/9/12 16:37:32"
"C:\Users\allenzhao\AppData\Roaming\dream-ui-Dev-2\1one\team-skills\oskill_01a09453b2fa7483ae17f66796b7e773\SKILL.md","2026/9/12 16:37:32"
"C:\Users\allenzhao\AppData\Roaming\dream-ui-Dev-2\1one\team-skills\oskill_01a09453b45c70008a062d458079c05c\SKILL.md","2026/9/12 16:37:32"
"C:\Users\allenzhao\AppData\Roaming\dream-ui-Dev-2\1one\team-skills\oskill_01a09453b5a670728d4875df1a8fce2d\SKILL.md","2026/9/12 16:37:32"
"C:\Users\allenzhao\AppData\Roaming\dream-ui-Dev-2\1one\team-skills\oskill_01a09453b7717d60ab790bd527342669\SKILL.md","2026/9/12 16:37:32"
"C:\Users\allenzhao\AppData\Roaming\dream-ui-Dev-2\1one\team-skills\oskill_01a09453b8757610b9d0eb2dcc163afe\SKILL.md","2026/9/12 16:37:32"
"C:\Users\allenzhao\AppData\Roaming\dream-ui-Dev-2\1one\team-skills\oskill_01a09453ba4571038969701f0bfbda51\SKILL.md","2026/9/12 16:37:32"
"C:\Users\allenzhao\AppData\Roaming\dream-ui-Dev-2\1one\team-skills\oskill_01a09453bc687c008746f1cf1d0d664d\SKILL.md","2026/9/12 16:37:32"
"C:\Users\allenzhao\AppData\Roaming\dream-ui-Dev-2\1one\team-skills\oskill_01a09453be58790098afda9eff62309a\SKILL.md","2026/9/12 16:37:32"
"C:\Users\allenzhao\AppData\Roaming\dream-ui-Dev-2\1one\team-skills\oskill_01a09453c0587c70bf2c9418a5a1cd2f\SKILL.md","2026/9/12 16:37:32"
"C:\Users\allenzhao\AppData\Roaming\dream-ui-Dev-2\1one\team-skills\oskill_01a09453c28376d0b9a3491b29b190dc\SKILL.md","2026/9/12 16:37:32"
"C:\Users\allenzhao\AppData\Roaming\dream-ui-Dev-2\1one\team-skills\oskill_01a09453c3747801a504dddcc1843bb1\SKILL.md","2026/9/12 16:37:32"
"C:\Users\allenzhao\AppData\Roaming\dream-ui-Dev-2\1one\team-skills\oskill_01a09453c463744182594a6d0889229a\SKILL.md","2026/9/12 16:37:32"
"C:\Users\allenzhao\AppData\Roaming\dream-ui-Dev-2\1one\team-skills\oskill_01a09453c59b7ea387fd6b487b88d9d2\SKILL.md","2026/9/12 16:37:32"
"C:\Users\allenzhao\AppData\Roaming\dream-ui-Dev-2\1one\team-skills\oskill_01a09453c7477af2858b161546bc9e8e\SKILL.md","2026/9/12 16:37:32"
"C:\Users\allenzhao\AppData\Roaming\dream-ui-Dev-2\1one\team-skills\oskill_01a09453c8427bf3b38088ffb90d4f2a\SKILL.md","2026/9/12 16:37:32"
"C:\Users\allenzhao\AppData\Roaming\dream-ui-Dev-2\1one\team-skills\oskill_01a09453c9de707180c88c5275c4eeee\SKILL.md","2026/9/12 16:37:32"
"C:\Users\allenzhao\AppData\Roaming\dream-ui-Dev-2\1one\team-skills\oskill_01a09453cd3a76f0a4399df1f5d3434d\SKILL.md","2026/9/12 16:37:32"
"C:\Users\allenzhao\AppData\Roaming\dream-ui-Dev-2\1one\team-skills\oskill_01a09453ce377422860cf063c9026bc5\SKILL.md","2026/9/12 16:37:32"
"C:\Users\allenzhao\AppData\Roaming\dream-ui-Dev-2\1one\team-skills\oskill_01a09453cf2c7802a2f8ba24cb7688d4\SKILL.md","2026/9/12 16:37:32"
"C:\Users\allenzhao\AppData\Roaming\dream-ui-Dev-2\1one\team-skills\oskill_01a09453d0157293b42cf9b50745d5a5\SKILL.md","2026/9/12 16:37:32"
"C:\Users\allenzhao\AppData\Roaming\dream-ui-Dev-2\1one\team-skills\oskill_01a09453d10877239994ffbc6ab1797c\SKILL.md","2026/9/12 16:37:32"
"C:\Users\allenzhao\AppData\Roaming\dream-ui-Dev-2\1one\team-skills\oskill_01a09453d1fb7e51b8d969ed487f35d8\SKILL.md","2026/9/12 16:37:32"
"C:\Users\allenzhao\AppData\Roaming\dream-ui-Dev-2\1one\team-skills\oskill_01a09453d2db78038eed0492ff9b8925\SKILL.md","2026/9/12 16:37:32"
"C:\Users\allenzhao\AppData\Roaming\dream-ui-Dev-2\1one\team-skills\oskill_01a09453d3ba7fa392cbabd0283ae0e6\SKILL.md","2026/9/12 16:37:32"
"C:\Users\allenzhao\AppData\Roaming\dream-ui-Dev-2\1one\team-skills\oskill_01a09453d4a773d18a2a3f6ddd2589e1\SKILL.md","2026/9/12 16:37:32"
"C:\Users\allenzhao\AppData\Roaming\dream-ui-Dev-2\1one\team-skills\oskill_01a09453d5a07cd0affc87e06472b769\SKILL.md","2026/9/12 16:37:32"
"C:\Users\allenzhao\AppData\Roaming\dream-ui-Dev-2\1one\team-skills\oskill_01a09453d78871e1888e5509840c5020\SKILL.md","2026/9/12 16:37:32"
"C:\Users\allenzhao\AppData\Roaming\dream-ui-Dev-2\1one\team-skills\oskill_01a09453d86c78d1ab2ff053ea3027b2\SKILL.md","2026/9/12 16:37:32"
"C:\Users\allenzhao\AppData\Roaming\dream-ui-Dev-2\1one\team-skills\oskill_01a09453d9ee7cb08eeec7d8d961bfb2\SKILL.md","2026/9/12 16:37:32"
"C:\Users\allenzhao\AppData\Roaming\dream-ui-Dev-2\1one\team-skills\oskill_01a09453dadc78c3a19674c4dd454e24\SKILL.md","2026/9/12 16:37:32"
"C:\Users\allenzhao\AppData\Roaming\dream-ui-Dev-2\1one\team-skills\oskill_01a09453dc077a11ac854f616a0512dc\SKILL.md","2026/9/12 16:37:32"
"C:\Users\allenzhao\AppData\Roaming\dream-ui-Dev-2\1one\team-skills\oskill_01a09453dcea7bd0b7968b2717d945f5\SKILL.md","2026/9/12 16:37:32"
"C:\Users\allenzhao\AppData\Roaming\dream-ui-Dev-2\1one\team-skills\oskill_01a09453ddd97731a59d9642428c387f\SKILL.md","2026/9/12 16:37:32"
"C:\Users\allenzhao\AppData\Roaming\dream-ui-Dev-2\1one\team-skills\oskill_01a09453debf77d2ad5ad938d603b7b7\SKILL.md","2026/9/12 16:37:32"
"C:\Users\allenzhao\AppData\Roaming\dream-ui-Dev-2\1one\team-skills\oskill_01a09453dfb67cf0b73562def41c86db\SKILL.md","2026/9/12 16:37:32"
"C:\Users\allenzhao\AppData\Roaming\dream-ui-Dev-2\1one\team-skills\oskill_01a09453e0bd7681a572f3d70f79b9cd\SKILL.md","2026/9/12 16:37:32"
"C:\Users\allenzhao\AppData\Roaming\dream-ui-Dev-2\1one\team-skills\oskill_01a09453e1df78428dcd01d1c7357f3a\SKILL.md","2026/9/12 16:37:32"
"C:\Users\allenzhao\AppData\Roaming\dream-ui-Dev-2\1one\team-skills\oskill_01a09453e2c871a2a6a2e9db58725eb8\SKILL.md","2026/9/12 16:37:32"
"C:\Users\allenzhao\AppData\Roaming\dream-ui-Dev-2\1one\team-skills\oskill_01a09453e3ca7921b06a2cb231d2ded0\SKILL.md","2026/9/12 16:37:32"
"C:\Users\allenzhao\AppData\Roaming\dream-ui-Dev-2\1one\team-skills\oskill_01a09453e4d37f319874681d318b071a\SKILL.md","2026/9/12 16:37:32"
"C:\Users\allenzhao\AppData\Roaming\dream-ui-Dev-2\1one\team-skills\oskill_01a09453e5bb7873bb9630fdb032f77c\SKILL.md","2026/9/12 16:37:32"
"C:\Users\allenzhao\AppData\Roaming\dream-ui-Dev-2\1one\team-skills\oskill_01a09453e7897952b28c30c294dd0a5a\SKILL.md","2026/9/12 16:37:32"
"C:\Users\allenzhao\AppData\Roaming\dream-ui-Dev-2\1one\team-skills\oskill_01a09453ec8a7173ab0cbf87d769c107\SKILL.md","2026/9/12 16:37:32"
"C:\Users\allenzhao\AppData\Roaming\dream-ui-Dev-2\1one\team-skills\oskill_01a09453f0cb7222af83a87436bdfcf8\SKILL.md","2026/9/12 16:37:32"
"C:\Users\allenzhao\AppData\Roaming\dream-ui-Dev-2\1one\team-skills\oskill_01a09453f1bd7c5084b06460e1c393a0\SKILL.md","2026/9/12 16:37:32"
"C:\Users\allenzhao\AppData\Roaming\dream-ui-Dev-2\1one\team-skills\oskill_01a09453f2a57681a6fb2bf5ef4f1c7b\SKILL.md","2026/9/12 16:37:32"
"C:\Users\allenzhao\AppData\Roaming\dream-ui-Dev-2\1one\team-skills\oskill_01a09453f38f72909d891b41c9e3762c\SKILL.md","2026/9/12 16:37:32"
"C:\Users\allenzhao\AppData\Roaming\dream-ui-Dev-2\1one\team-skills\oskill_01a09453f47a781281c115fc36499c2a\SKILL.md","2026/9/12 16:37:32"
"C:\Users\allenzhao\AppData\Roaming\dream-ui-Dev-2\1one\team-skills\oskill_01a09453f5637eb3812873db2be2b4b5\SKILL.md","2026/9/12 16:37:32"
"C:\Users\allenzhao\AppData\Roaming\dream-ui-Dev-2\1one\team-skills\oskill_01a09453f67a797090fed69bd0bd9a91\SKILL.md","2026/9/12 16:37:32"
"C:\Users\allenzhao\AppData\Roaming\dream-ui-Dev-2\1one\team-skills\oskill_01a09453f76c7421ac388a69a3295272\SKILL.md","2026/9/12 16:37:32"
"C:\Users\allenzhao\AppData\Roaming\dream-ui-Dev-2\1one\team-skills\oskill_01a09453f85776528306260a8a9aa402\SKILL.md","2026/9/12 16:37:32"
"C:\Users\allenzhao\AppData\Roaming\dream-ui-Dev-2\1one\team-skills\oskill_01a09453f9397cf09dd1dba1fd9409eb\SKILL.md","2026/9/12 16:37:32"
"C:\Users\allenzhao\AppData\Roaming\dream-ui-Dev-2\1one\team-skills\oskill_01a09453fa2877f3a9d9a7c9bdc32dbf\SKILL.md","2026/9/12 16:37:32"
"C:\Users\allenzhao\AppData\Roaming\dream-ui-Dev-2\1one\team-skills\oskill_01a09453fb317e41a2642263ca01de4e\SKILL.md","2026/9/12 16:37:32"
"C:\Users\allenzhao\AppData\Roaming\dream-ui-Dev-2\1one\team-skills\oskill_01a09453fc2876f38f0972bc62ddc2d8\SKILL.md","2026/9/12 16:37:32"
"C:\Users\allenzhao\AppData\Roaming\dream-ui-Dev-2\1one\team-skills\oskill_01a09453fd167532b4a2057cfcec6e8f\SKILL.md","2026/9/12 16:37:32"
"C:\Users\allenzhao\AppData\Roaming\dream-ui-Dev-2\1one\team-skills\oskill_01a09454025f7f308155a9b0214ec683\SKILL.md","2026/9/12 16:37:32"
"C:\Users\allenzhao\AppData\Roaming\dream-ui-Dev-2\1one\team-skills\oskill_01a09454039f72738dab51d3d61a0649\SKILL.md","2026/9/12 16:37:32"
"C:\Users\allenzhao\AppData\Roaming\dream-ui-Dev-2\1one\team-skills\oskill_01a0945404847a919d4a06f7184157cb\SKILL.md","2026/9/12 16:37:32"
"C:\Users\allenzhao\AppData\Roaming\dream-ui-Dev-2\1one\team-skills\oskill_01a09454056a7140aae8301c360b6688\SKILL.md","2026/9/12 16:37:32"
"C:\Users\allenzhao\AppData\Roaming\dream-ui-Dev-2\1one\team-skills\oskill_01a09454068b7081a5d6f7c4a49c9a28\SKILL.md","2026/9/12 16:37:32"
"C:\Users\allenzhao\AppData\Roaming\dream-ui-Dev-2\1one\team-skills\oskill_01a0945407b87163b1bb3d85f09ec0d5\SKILL.md","2026/9/12 16:37:32"
"C:\Users\allenzhao\AppData\Roaming\dream-ui-Dev-2\1one\team-skills\oskill_01a0945408b071428a5aa056e46cde42\SKILL.md","2026/9/12 16:37:32"
"C:\Users\allenzhao\AppData\Roaming\dream-ui-Dev-2\1one\team-skills\oskill_01a09454099d74b2a80f3d395a0e520d\SKILL.md","2026/9/12 16:37:32"
"C:\Users\allenzhao\AppData\Roaming\dream-ui-Dev-2\1one\team-skills\oskill_01a094540ab77b32826d51d3503b711a\SKILL.md","2026/9/12 16:37:32"
"C:\Users\allenzhao\AppData\Roaming\dream-ui-Dev-2\1one\team-skills\oskill_01a094540bcb78219bc64026c63fac6a\SKILL.md","2026/9/12 16:37:32"
"C:\Users\allenzhao\AppData\Roaming\dream-ui-Dev-2\1one\team-skills\oskill_01a094540ca57b20a12c44a395d0ab89\SKILL.md","2026/9/12 16:37:32"
"C:\Users\allenzhao\AppData\Roaming\dream-ui-Dev-2\1one\team-skills\oskill_01a094540d8570018710aab277550d21\SKILL.md","2026/9/12 16:37:32"
"C:\Users\allenzhao\AppData\Roaming\dream-ui-Dev-2\1one\team-skills\oskill_01a094540eb77a22925d420a589f2394\SKILL.md","2026/9/12 16:37:32"
"C:\Users\allenzhao\AppData\Roaming\dream-ui-Dev-2\1one\team-skills\oskill_01a094540f9b73f2981cf963edaef8e1\SKILL.md","2026/9/12 16:37:32"
"C:\Users\allenzhao\AppData\Roaming\dream-ui-Dev-2\1one\team-skills\oskill_01a0945410827623af071364df06d0ad\SKILL.md","2026/9/12 16:37:32"
"C:\Users\allenzhao\AppData\Roaming\dream-ui-Dev-2\1one\team-skills\oskill_01a094541172720284839b77042278d3\SKILL.md","2026/9/12 16:37:32"
"C:\Users\allenzhao\AppData\Roaming\dream-ui-Dev-2\1one\team-skills\oskill_01a09454126f7ce3b02fce8ba6ac76a8\SKILL.md","2026/9/12 16:37:32"
"C:\Users\allenzhao\AppData\Roaming\dream-ui-Dev-2\1one\team-skills\oskill_01a09454134f7b9384c8097aa968042e\SKILL.md","2026/9/12 16:37:32"
"C:\Users\allenzhao\AppData\Roaming\dream-ui-Dev-2\1one\team-skills\oskill_01a09454143f78c2918f6ac4dea6fd21\SKILL.md","2026/9/12 16:37:32"
"C:\Users\allenzhao\AppData\Roaming\dream-ui-Dev-2\1one\team-skills\oskill_01a09454153d7ac2b507a1089ec0e87f\SKILL.md","2026/9/12 16:37:32"
"C:\Users\allenzhao\AppData\Roaming\dream-ui-Dev-2\1one\team-skills\oskill_01a09454163a7e11854747d9ccdd308d\SKILL.md","2026/9/12 16:37:32"
"C:\Users\allenzhao\AppData\Roaming\dream-ui-Dev-2\1one\team-skills\oskill_01a0945417af7182bea4d1a212db3f36\SKILL.md","2026/9/12 16:37:32"
"C:\Users\allenzhao\AppData\Roaming\dream-ui-Dev-2\1one\team-skills\oskill_01a0945418af70e38782fffb70cdccd3\SKILL.md","2026/9/12 16:37:32"
"C:\Users\allenzhao\AppData\Roaming\dream-ui-Dev-2\1one\team-skills\oskill_01a094541a0271838bf6ef6c6779d689\SKILL.md","2026/9/12 16:37:32"
"C:\Users\allenzhao\AppData\Roaming\dream-ui-Dev-2\1one\team-skills\oskill_01a094541b107ca290f67bc9472fbac6\SKILL.md","2026/9/12 16:37:32"
"C:\Users\allenzhao\AppData\Roaming\dream-ui-Dev-2\1one\team-skills\oskill_01a094541c28725087d531ad86bc08f8\SKILL.md","2026/9/12 16:37:32"
"C:\Users\allenzhao\AppData\Roaming\dream-ui-Dev-2\1one\team-skills\oskill_01a094541d2d77b2b6e2c7357f05a016\SKILL.md","2026/9/12 16:37:32"
"C:\Users\allenzhao\AppData\Roaming\dream-ui-Dev-2\1one\team-skills\oskill_01a094541e0f7193afccef86fc3c4c52\SKILL.md","2026/9/12 16:37:32"
"C:\Users\allenzhao\AppData\Roaming\dream-ui-Dev-2\1one\team-skills\oskill_01a094541f5d798088397f30524e1526\SKILL.md","2026/9/12 16:37:32"
"C:\Users\allenzhao\AppData\Roaming\dream-ui-Dev-2\1one\team-skills\oskill_01a09454207a71708d19b521451232d5\SKILL.md","2026/9/12 16:37:32"
"C:\Users\allenzhao\AppData\Roaming\dream-ui-Dev-2\1one\team-skills\oskill_01a09454215f7c20aac9caaa82f15118\SKILL.md","2026/9/12 16:37:32"
"C:\Users\allenzhao\AppData\Roaming\dream-ui-Dev-2\1one\team-skills\oskill_01a0945422437b70a282c2290a9b64af\SKILL.md","2026/9/12 16:37:32"
"C:\Users\allenzhao\AppData\Roaming\dream-ui-Dev-2\1one\team-skills\oskill_01a0945423297c8189e9ecebfeb02751\SKILL.md","2026/9/12 16:37:32"
"C:\Users\allenzhao\AppData\Roaming\dream-ui-Dev-2\1one\team-skills\oskill_01a0945424707a31a2d05215acfce381\SKILL.md","2026/9/12 16:37:32"
"C:\Users\allenzhao\AppData\Roaming\dream-ui-Dev-2\1one\team-skills\oskill_01a09454257772d3940c33f2ba17a90f\SKILL.md","2026/9/12 16:37:32"
"C:\Users\allenzhao\AppData\Roaming\dream-ui-Dev-2\1one\team-skills\oskill_01a0945426997b43a611b09cd725c505\SKILL.md","2026/9/12 16:37:32"
"C:\Users\allenzhao\AppData\Roaming\dream-ui-Dev-2\1one\team-skills\oskill_01a0945427a979719c98d6e97cc2b704\SKILL.md","2026/9/12 16:37:32"
"C:\Users\allenzhao\AppData\Roaming\dream-ui-Dev-2\1one\team-skills\oskill_01a09454292072f1b12d8f67ea40f980\SKILL.md","2026/9/12 16:37:32"
"C:\Users\allenzhao\AppData\Roaming\dream-ui-Dev-2\1one\team-skills\oskill_01a094542a1273d39e33fe149fd758a4\SKILL.md","2026/9/12 16:37:32"
"C:\Users\allenzhao\AppData\Roaming\dream-ui-Dev-2\1one\team-skills\oskill_01a094542b387de184f913a1b267430a\SKILL.md","2026/9/12 16:37:32"
"C:\Users\allenzhao\AppData\Roaming\dream-ui-Dev-2\1one\team-skills\oskill_01a094542c2b7590923eb78c648ce9af\SKILL.md","2026/9/12 16:37:32"
"C:\Users\allenzhao\AppData\Roaming\dream-ui-Dev-2\1one\team-skills\oskill_01a094542d4773e28bfd0e8c0faae19c\SKILL.md","2026/9/12 16:37:32"
"C:\Users\allenzhao\AppData\Roaming\dream-ui-Dev-2\1one\team-skills\oskill_01a094542e377ba0b215a251b7168570\SKILL.md","2026/9/12 16:37:32"
"C:\Users\allenzhao\AppData\Roaming\dream-ui-Dev-2\1one\team-skills\oskill_01a094542f1d74a29bdbf0b687d35177\SKILL.md","2026/9/12 16:37:32"
"C:\Users\allenzhao\AppData\Roaming\dream-ui-Dev-2\1one\team-skills\oskill_01a0945430527ef0afe9a67995e9acbd\SKILL.md","2026/9/12 16:37:32"
"C:\Users\allenzhao\AppData\Roaming\dream-ui-Dev-2\1one\team-skills\oskill_01a0945431487f63a96f8dee4def67b8\SKILL.md","2026/9/12 16:37:32"
"C:\Users\allenzhao\AppData\Roaming\dream-ui-Dev-2\1one\team-skills\oskill_01a09454322d7a0280b455bde3ba50e5\SKILL.md","2026/9/12 16:37:32"
"C:\Users\allenzhao\AppData\Roaming\dream-ui-Dev-2\1one\team-skills\oskill_01a09454331b75618fb671e4e5c405e2\SKILL.md","2026/9/12 16:37:32"
"C:\Users\allenzhao\AppData\Roaming\dream-ui-Dev-2\1one\team-skills\oskill_01a0945434017ed08d055a072ff9de39\SKILL.md","2026/9/12 16:37:32"
"C:\Users\allenzhao\AppData\Roaming\dream-ui-Dev-2\1one\team-skills\oskill_01a0945434e270e18718d1a10d22fc82\SKILL.md","2026/9/12 16:37:32"
"C:\Users\allenzhao\AppData\Roaming\dream-ui-Dev-2\1one\team-skills\oskill_01a09454360c7ec388be2461a04ad35a\SKILL.md","2026/9/12 16:37:32"
"C:\Users\allenzhao\AppData\Roaming\dream-ui-Dev-2\1one\team-skills\oskill_01a0945436f172519fb8807c30ca87ec\SKILL.md","2026/9/12 16:37:32"
"C:\Users\allenzhao\AppData\Roaming\dream-ui-Dev-2\1one\team-skills\oskill_01a0945437ea7463b3be7f0e6e8062bb\SKILL.md","2026/9/12 16:37:32"
"C:\Users\allenzhao\AppData\Roaming\dream-ui-Dev-2\1one\team-skills\oskill_01a0945438fb7432aae0b806a3150683\SKILL.md","2026/9/12 16:37:32"
"C:\Users\allenzhao\AppData\Roaming\dream-ui-Dev-2\1one\team-skills\oskill_01a094543a537e92af40e5d87595f0da\SKILL.md","2026/9/12 16:37:32"
"C:\Users\allenzhao\AppData\Roaming\dream-ui-Dev-2\1one\team-skills\oskill_01a094543b697d20b3822d33e4d887ae\SKILL.md","2026/9/12 16:37:32"
"C:\Users\allenzhao\AppData\Roaming\dream-ui-Dev-2\1one\team-skills\oskill_01a094543c917552b814bb85fb25f27c\SKILL.md","2026/9/12 16:37:32"
"C:\Users\allenzhao\AppData\Roaming\dream-ui-Dev-2\1one\team-skills\oskill_01a094543d7b75e2a2aac69029cd7e56\SKILL.md","2026/9/12 16:37:32"
"C:\Users\allenzhao\AppData\Roaming\dream-ui-Dev-2\1one\team-skills\oskill_01a094543e947b01b14da01e76a10d8e\SKILL.md","2026/9/12 16:37:32"
"C:\Users\allenzhao\AppData\Roaming\dream-ui-Dev-2\1one\team-skills\oskill_01a094543fb97d218caf6e2f92da289b\SKILL.md","2026/9/12 16:37:32"
"C:\Users\allenzhao\AppData\Roaming\dream-ui-Dev-2\1one\team-skills\oskill_01a0945440eb7213a9dc872f2a59de30\SKILL.md","2026/9/12 16:37:32"
"C:\Users\allenzhao\AppData\Roaming\dream-ui-Dev-2\1one\team-skills\oskill_01a0945442007d12a0b6cb3b26417e96\SKILL.md","2026/9/12 16:37:32"
"C:\Users\allenzhao\AppData\Roaming\dream-ui-Dev-2\1one\team-skills\oskill_01a0945442e57502a13cf720269577be\SKILL.md","2026/9/12 16:37:32"
"C:\Users\allenzhao\AppData\Roaming\dream-ui-Dev-2\1one\team-skills\oskill_01a09454440476b0a4134ae607331aa0\SKILL.md","2026/9/12 16:37:32"
"C:\Users\allenzhao\AppData\Roaming\dream-ui-Dev-2\1one\team-skills\oskill_01a0945444f27ef0abfa2364e00bda94\SKILL.md","2026/9/12 16:37:32"
"C:\Users\allenzhao\AppData\Roaming\dream-ui-Dev-2\1one\team-skills\oskill_01a0945445e77352bb2e8294bab2dfe2\SKILL.md","2026/9/12 16:37:32"
"C:\Users\allenzhao\AppData\Roaming\dream-ui-Dev-2\1one\team-skills\oskill_01a0945446e37c40bc001afb18bdd768\SKILL.md","2026/9/12 16:37:32"
"C:\Users\allenzhao\AppData\Roaming\dream-ui-Dev-2\1one\team-skills\oskill_01a0945447c87351a6d5fcae1879f132\SKILL.md","2026/9/12 16:37:32"
"C:\Users\allenzhao\AppData\Roaming\dream-ui-Dev-2\1one\team-skills\oskill_01a0945448bf7171a9c1221ab7c60113\SKILL.md","2026/9/12 16:37:32"
"C:\Users\allenzhao\AppData\Roaming\dream-ui-Dev-2\1one\team-skills\oskill_01a0945449aa7bf1993002e9019cc03e\SKILL.md","2026/9/12 16:37:32"
"C:\Users\allenzhao\AppData\Roaming\dream-ui-Dev-2\1one\team-skills\oskill_01a094544a9672f2842c967199cfae7a\SKILL.md","2026/9/12 16:37:32"
"C:\Users\allenzhao\AppData\Roaming\dream-ui-Dev-2\1one\team-skills\oskill_01a094544bb77b43aaf687c85e686670\SKILL.md","2026/9/12 16:37:32"
"C:\Users\allenzhao\AppData\Roaming\dream-ui-Dev-2\1one\team-skills\oskill_01a094544cdd7af384b9bcec25306633\SKILL.md","2026/9/12 16:37:32"
"C:\Users\allenzhao\AppData\Roaming\dream-ui-Dev-2\1one\team-skills\oskill_01a094544dcf77409e25de6327081aa6\SKILL.md","2026/9/12 16:37:32"
"C:\Users\allenzhao\AppData\Roaming\dream-ui-Dev-2\1one\team-skills\oskill_01a0945450167743ad14291b2c19c130\SKILL.md","2026/9/12 16:37:32"
"C:\Users\allenzhao\AppData\Roaming\dream-ui-Dev-2\1one\team-skills\oskill_01a09454511f71129e1f9e27bc153d62\SKILL.md","2026/9/12 16:37:32"
"C:\Users\allenzhao\AppData\Roaming\dream-ui-Dev-2\1one\team-skills\oskill_01a09454525176a09cb9f357dc3ecfd9\SKILL.md","2026/9/12 16:37:32"
"C:\Users\allenzhao\AppData\Roaming\dream-ui-Dev-2\1one\team-skills\oskill_01a0945453427bd1a0730cc70f233d92\SKILL.md","2026/9/12 16:37:32"
"C:\Users\allenzhao\AppData\Roaming\dream-ui-Dev-2\1one\team-skills\oskill_01a0945454617282a8d42b7561b37db5\SKILL.md","2026/9/12 16:37:32"
"C:\Users\allenzhao\AppData\Roaming\dream-ui-Dev-2\1one\team-skills\oskill_01a0945457a77f3198aeb09dad061e6d\SKILL.md","2026/9/12 16:37:32"
"C:\Users\allenzhao\AppData\Roaming\dream-ui-Dev-2\1one\team-skills\oskill_01a0945458dc77e2a2ee55bdbe763f4e\SKILL.md","2026/9/12 16:37:32"
"C:\Users\allenzhao\AppData\Roaming\dream-ui-Dev-2\1one\team-skills\oskill_01a0945459f279d2a11626b59fafe2b1\SKILL.md","2026/9/12 16:37:32"
"C:\Users\allenzhao\AppData\Roaming\dream-ui-Dev-2\1one\team-skills\oskill_01a094545b1279c1b78cc0ef28b6473f\SKILL.md","2026/9/12 16:37:32"
"C:\Users\allenzhao\AppData\Roaming\dream-ui-Dev-2\1one\team-skills\oskill_01a094545bfe73c3b2ed70f1d75c3f44\SKILL.md","2026/9/12 16:37:32"
"C:\Users\allenzhao\AppData\Roaming\dream-ui-Dev-2\1one\team-skills\oskill_01a094545cea7671a88a22c3597b12fc\SKILL.md","2026/9/12 16:37:32"
"C:\Users\allenzhao\AppData\Roaming\dream-ui-Dev-2\1one\team-skills\oskill_01a094545de17b73bc2a58103c808b57\SKILL.md","2026/9/12 16:37:32"
"C:\Users\allenzhao\AppData\Roaming\dream-ui-Dev-2\1one\team-skills\oskill_01a094545ed87da3bf7390817c631544\SKILL.md","2026/9/12 16:37:32"
"C:\Users\allenzhao\AppData\Roaming\dream-ui-Dev-2\1one\team-skills\oskill_01a094545ff373f1b485a25e2be0627c\SKILL.md","2026/9/12 16:37:32"
"C:\Users\allenzhao\AppData\Roaming\dream-ui-Dev-2\1one\team-skills\oskill_01a09454610f7930bb11410ddfa96e75\SKILL.md","2026/9/12 16:37:32"
"C:\Users\allenzhao\AppData\Roaming\dream-ui-Dev-2\1one\team-skills\oskill_01a09454622679138e25d511467e10db\SKILL.md","2026/9/12 16:37:32"
"C:\Users\allenzhao\AppData\Roaming\dream-ui-Dev-2\1one\team-skills\oskill_01a0945463187050975212dd1ce10084\SKILL.md","2026/9/12 16:37:32"
"C:\Users\allenzhao\AppData\Roaming\dream-ui-Dev-2\1one\team-skills\oskill_01a0945464277b51a5cfcfcdc544fffc\SKILL.md","2026/9/12 16:37:32"
"C:\Users\allenzhao\AppData\Roaming\dream-ui-Dev-2\1one\team-skills\oskill_01a0945465247c72bf77b030a485247c\SKILL.md","2026/9/12 16:37:32"
"C:\Users\allenzhao\AppData\Roaming\dream-ui-Dev-2\1one\team-skills\oskill_01a09454663a784194ce18ea69f14226\SKILL.md","2026/9/12 16:37:32"
"C:\Users\allenzhao\AppData\Roaming\dream-ui-Dev-2\1one\team-skills\oskill_01a09454674d71219234a11ee7f54070\SKILL.md","2026/9/12 16:37:32"
"C:\Users\allenzhao\AppData\Roaming\dream-ui-Dev-2\1one\team-skills\oskill_01a0945468397bb1973bb5ad9b91d8b9\SKILL.md","2026/9/12 16:37:32"
"C:\Users\allenzhao\AppData\Roaming\dream-ui-Dev-2\1one\team-skills\oskill_01a09454696d7140937c19b1ce76d600\SKILL.md","2026/9/12 16:37:32"
"C:\Users\allenzhao\AppData\Roaming\dream-ui-Dev-2\1one\team-skills\oskill_01a094546a7170e1af13d7e9eac57c6c\SKILL.md","2026/9/12 16:37:32"
"C:\Users\allenzhao\AppData\Roaming\dream-ui-Dev-2\1one\team-skills\oskill_01a094546b877cd2950083d841a32b15\SKILL.md","2026/9/12 16:37:32"
"C:\Users\allenzhao\AppData\Roaming\dream-ui-Dev-2\1one\team-skills\oskill_01a094546c9b7cb098111241a814cf35\SKILL.md","2026/9/12 16:37:32"
"C:\Users\allenzhao\AppData\Roaming\dream-ui-Dev-2\1one\team-skills\oskill_01a094546dcd71e08ff3d9d7f560afee\SKILL.md","2026/9/12 16:37:32"
"C:\Users\allenzhao\AppData\Roaming\dream-ui-Dev-2\1one\team-skills\oskill_01a094546eb97342bcb2f3a66016d194\SKILL.md","2026/9/12 16:37:32"
"C:\Users\allenzhao\AppData\Roaming\dream-ui-Dev-2\1one\team-skills\oskill_01a094546fa975029e50181771f9b5a4\SKILL.md","2026/9/12 16:37:32"
"C:\Users\allenzhao\AppData\Roaming\dream-ui-Dev-2\1one\team-skills\oskill_01a09454709e7812859015f88932cff2\SKILL.md","2026/9/12 16:37:32"
"C:\Users\allenzhao\AppData\Roaming\dream-ui-Dev-2\1one\team-skills\oskill_01a09454718574f0998357fdaad03b0e\SKILL.md","2026/9/12 16:37:32"
"C:\Users\allenzhao\AppData\Roaming\dream-ui-Dev-2\1one\team-skills\oskill_01a0945472757f339e4f9c4d995834e3\SKILL.md","2026/9/12 16:37:32"
"C:\Users\allenzhao\AppData\Roaming\dream-ui-Dev-2\1one\team-skills\oskill_01a09454736d789297ef5695270a624d\SKILL.md","2026/9/12 16:37:32"
"C:\Users\allenzhao\AppData\Roaming\dream-ui-Dev-2\1one\team-skills\oskill_01a09454745c75208e6d515f26eab970\SKILL.md","2026/9/12 16:37:32"
"C:\Users\allenzhao\AppData\Roaming\dream-ui-Dev-2\1one\team-skills\oskill_01a09454757e780096c4164e35cb09bf\SKILL.md","2026/9/12 16:37:32"
"C:\Users\allenzhao\AppData\Roaming\dream-ui-Dev-2\1one\team-skills\oskill_01a09454769a74a09a43e2026480a04a\SKILL.md","2026/9/12 16:37:32"
"C:\Users\allenzhao\AppData\Roaming\dream-ui-Dev-2\1one\team-skills\oskill_01a0945477937490b325034d83e346c8\SKILL.md","2026/9/12 16:37:32"
"C:\Users\allenzhao\AppData\Roaming\dream-ui-Dev-2\1one\team-skills\oskill_01a0945478c579439dee4d7f7f82c62a\SKILL.md","2026/9/12 16:37:32"
"C:\Users\allenzhao\AppData\Roaming\dream-ui-Dev-2\1one\team-skills\oskill_01a094547a0974f2a97e1247a0411a9f\SKILL.md","2026/9/12 16:37:32"
"C:\Users\allenzhao\AppData\Roaming\dream-ui-Dev-2\1one\team-skills\oskill_01a094547b137920b4feb22e5a7c000c\SKILL.md","2026/9/12 16:37:32"
"C:\Users\allenzhao\AppData\Roaming\dream-ui-Dev-2\1one\team-skills\oskill_01a094547c3371b093e705a4f4021293\SKILL.md","2026/9/12 16:37:32"
"C:\Users\allenzhao\AppData\Roaming\dream-ui-Dev-2\1one\team-skills\oskill_01a094547d2d7da3a9c9975965a713c6\SKILL.md","2026/9/12 16:37:32"
"C:\Users\allenzhao\AppData\Roaming\dream-ui-Dev-2\1one\team-skills\oskill_01a094547e1e7690a2f44673fa9b27a7\SKILL.md","2026/9/12 16:37:32"
"C:\Users\allenzhao\AppData\Roaming\dream-ui-Dev-2\1one\team-skills\oskill_01a094547f497042aba0db0ae5283be1\SKILL.md","2026/9/12 16:37:32"
"C:\Users\allenzhao\AppData\Roaming\dream-ui-Dev-2\1one\team-skills\oskill_01a0945480ae759195edc2f2e0e78cbb\SKILL.md","2026/9/12 16:37:32"
"C:\Users\allenzhao\AppData\Roaming\dream-ui-Dev-2\1one\team-skills\oskill_01a0945481ae7b82abe87fb0305d865c\SKILL.md","2026/9/12 16:37:32"
"C:\Users\allenzhao\AppData\Roaming\dream-ui-Dev-2\1one\team-skills\oskill_01a0945482997d82a181eba23005cf4d\SKILL.md","2026/9/12 16:37:32"
"C:\Users\allenzhao\AppData\Roaming\dream-ui-Dev-2\1one\team-skills\oskill_01a0945483ca7ea0a0992b43100f77ba\SKILL.md","2026/9/12 16:37:32"
"C:\Users\allenzhao\AppData\Roaming\dream-ui-Dev-2\1one\team-skills\oskill_01a0945484b27d838c6c17ee0ab77d2f\SKILL.md","2026/9/12 16:37:32"
"C:\Users\allenzhao\AppData\Roaming\dream-ui-Dev-2\1one\team-skills\oskill_01a0945485ee7d1288acf86222e98d30\SKILL.md","2026/9/12 16:37:32"
"C:\Users\allenzhao\AppData\Roaming\dream-ui-Dev-2\1one\team-skills\oskill_01a0945486de721288217de26bf3e4e9\SKILL.md","2026/9/12 16:37:32"
"C:\Users\allenzhao\AppData\Roaming\dream-ui-Dev-2\1one\team-skills\oskill_01a0945487da7953b7323215d648a76e\SKILL.md","2026/9/12 16:37:32"
"C:\Users\allenzhao\AppData\Roaming\dream-ui-Dev-2\1one\team-skills\oskill_01a0945488ed742094d8432d497ec4d3\SKILL.md","2026/9/12 16:37:32"
"C:\Users\allenzhao\AppData\Roaming\dream-ui-Dev-2\1one\team-skills\oskill_01a0945489fb78b0b69a7849bc307246\SKILL.md","2026/9/12 16:37:32"
"C:\Users\allenzhao\AppData\Roaming\dream-ui-Dev-2\1one\team-skills\oskill_01a094548b8577538299e43b86c02682\SKILL.md","2026/9/12 16:37:32"
"C:\Users\allenzhao\AppData\Roaming\dream-ui-Dev-2\1one\team-skills\oskill_01a094548c7f7a018f4c36f4e6a17ab6\SKILL.md","2026/9/12 16:37:32"
"C:\Users\allenzhao\AppData\Roaming\dream-ui-Dev-2\1one\team-skills\oskill_01a094548d6a78129bc353575605cdcb\SKILL.md","2026/9/12 16:37:32"
"C:\Users\allenzhao\AppData\Roaming\dream-ui-Dev-2\1one\team-skills\oskill_01a094548e567270adbedf92e3bd3130\SKILL.md","2026/9/12 16:37:32"
"C:\Users\allenzhao\AppData\Roaming\dream-ui-Dev-2\1one\team-skills\oskill_01a094548f707a30a9b9f2fee3b4f990\SKILL.md","2026/9/12 16:37:32"
"C:\Users\allenzhao\AppData\Roaming\dream-ui-Dev-2\1one\team-skills\oskill_01a094549060778394d3f28c86027f74\SKILL.md","2026/9/12 16:37:32"
"C:\Users\allenzhao\AppData\Roaming\dream-ui-Dev-2\1one\team-skills\oskill_01a09454918678e287e6908d9357031d\SKILL.md","2026/9/12 16:37:32"
"C:\Users\allenzhao\AppData\Roaming\dream-ui-Dev-2\1one\team-skills\oskill_01a09454927772e38b81bcad792945fb\SKILL.md","2026/9/12 16:37:32"
"C:\Users\allenzhao\AppData\Roaming\dream-ui-Dev-2\1one\team-skills\oskill_01a09454939d7000a0dc8b0a5ba5ae46\SKILL.md","2026/9/12 16:37:32"
"C:\Users\allenzhao\AppData\Roaming\dream-ui-Dev-2\1one\team-skills\oskill_01a094549493737187633aba3a188127\SKILL.md","2026/9/12 16:37:32"
"C:\Users\allenzhao\AppData\Roaming\dream-ui-Dev-2\1one\team-skills\oskill_01a09454958773d190f33c17a4e6351d\SKILL.md","2026/9/12 16:37:32"
"C:\Users\allenzhao\AppData\Roaming\dream-ui-Dev-2\1one\team-skills\oskill_01a0945496787d408b9d78a294309ed7\SKILL.md","2026/9/12 16:37:32"
"C:\Users\allenzhao\AppData\Roaming\dream-ui-Dev-2\1one\team-skills\oskill_01a09454976c76808f4379de1977ace2\SKILL.md","2026/9/12 16:37:32"
"C:\Users\allenzhao\AppData\Roaming\dream-ui-Dev-2\1one\team-skills\oskill_01a0945498627a41b4f4afce39517718\SKILL.md","2026/9/12 16:37:32"
"C:\Users\allenzhao\AppData\Roaming\dream-ui-Dev-2\1one\team-skills\oskill_01a094549951774281037358725caa04\SKILL.md","2026/9/12 16:37:32"
"C:\Users\allenzhao\AppData\Roaming\dream-ui-Dev-2\1one\team-skills\oskill_01a094549a747091ae7efd57506d4dec\SKILL.md","2026/9/12 16:37:32"
"C:\Users\allenzhao\AppData\Roaming\dream-ui-Dev-2\1one\team-skills\oskill_01a094549b687511b639491b7e415d04\SKILL.md","2026/9/12 16:37:32"
"C:\Users\allenzhao\AppData\Roaming\dream-ui-Dev-2\1one\team-skills\oskill_01a094549ca47e828f8e57a320648b1f\SKILL.md","2026/9/12 16:37:32"
"C:\Users\allenzhao\AppData\Roaming\dream-ui-Dev-2\1one\team-skills\oskill_01a094549d937f119e4de9f497bd2773\SKILL.md","2026/9/12 16:37:32"
"C:\Users\allenzhao\AppData\Roaming\dream-ui-Dev-2\1one\team-skills\oskill_01a094549ec17df39bb29eb90cbf8e15\SKILL.md","2026/9/12 16:37:32"
"C:\Users\allenzhao\AppData\Roaming\dream-ui-Dev-2\1one\team-skills\oskill_01a09454a0a873d3bff4879acf173153\SKILL.md","2026/9/12 16:37:32"
"C:\Users\allenzhao\AppData\Roaming\dream-ui-Dev-2\1one\team-skills\oskill_01a09454a19e721082f9dba63cd55bdd\SKILL.md","2026/9/12 16:37:32"
"C:\Users\allenzhao\AppData\Roaming\dream-ui-Dev-2\1one\team-skills\oskill_01a09454a28b75d2aae184ae19fe243e\SKILL.md","2026/9/12 16:37:32"
"C:\Users\allenzhao\AppData\Roaming\dream-ui-Dev-2\1one\team-skills\oskill_01a09454a3787fe388c7db0d85ab6ff0\SKILL.md","2026/9/12 16:37:32"
"C:\Users\allenzhao\AppData\Roaming\dream-ui-Dev-2\1one\team-skills\oskill_01a09454a4677e51b91ea9684c6d9bd6\SKILL.md","2026/9/12 16:37:32"
"C:\Users\allenzhao\AppData\Roaming\dream-ui-Dev-2\1one\team-skills\oskill_01a09454a6547243a1f7cebce092c87d\SKILL.md","2026/9/12 16:37:32"
"C:\Users\allenzhao\AppData\Roaming\dream-ui-Dev-2\1one\team-skills\oskill_01a09454a7467290a33c921e249a499c\SKILL.md","2026/9/12 16:37:32"
"C:\Users\allenzhao\AppData\Roaming\dream-ui-Dev-2\1one\team-skills\oskill_01a09454a8447792a1241a42278dd6cf\SKILL.md","2026/9/12 16:37:32"
"C:\Users\allenzhao\AppData\Roaming\dream-ui-Dev-2\1one\team-skills\oskill_01a09454a9357dc28f1fba0258f8c4dd\SKILL.md","2026/9/12 16:37:32"
"C:\Users\allenzhao\AppData\Roaming\dream-ui-Dev-2\1one\team-skills\oskill_01a09454aa527b0293c1f144811f1810\SKILL.md","2026/9/12 16:37:32"
"C:\Users\allenzhao\AppData\Roaming\dream-ui-Dev-2\1one\team-skills\oskill_01a09454ab4c7d41946a7c538cc88700\SKILL.md","2026/9/12 16:37:32"
"C:\Users\allenzhao\AppData\Roaming\dream-ui-Dev-2\1one\team-skills\oskill_01a09454ac387b52ac5af222ab6c53f5\SKILL.md","2026/9/12 16:37:32"
"C:\Users\allenzhao\AppData\Roaming\dream-ui-Dev-2\1one\team-skills\oskill_01a09454ad2970e3a0124f8ea084ed74\SKILL.md","2026/9/12 16:37:32"
"C:\Users\allenzhao\AppData\Roaming\dream-ui-Dev-2\1one\team-skills\oskill_01a09454ae1579f3942aef0a5a70b9d5\SKILL.md","2026/9/12 16:37:32"
"C:\Users\allenzhao\AppData\Roaming\dream-ui-Dev-2\1one\team-skills\oskill_01a09454af0d76c0b1cea1d4d136f8cc\SKILL.md","2026/9/12 16:37:32"
"C:\Users\allenzhao\AppData\Roaming\dream-ui-Dev-2\1one\team-skills\oskill_01a09454b0037790b0f1b97f4f9c31be\SKILL.md","2026/9/12 16:37:32"
"C:\Users\allenzhao\AppData\Roaming\dream-ui-Dev-2\1one\team-skills\oskill_01a09454b13575b19fff4926d5abe69e\SKILL.md","2026/9/12 16:37:32"
"C:\Users\allenzhao\AppData\Roaming\dream-ui-Dev-2\1one\team-skills\oskill_01a09454b22776a0bc648cc573284d9c\SKILL.md","2026/9/12 16:37:32"
"C:\Users\allenzhao\AppData\Roaming\dream-ui-Dev-2\1one\team-skills\oskill_01a09454b34a77718eb894ae741f41b2\SKILL.md","2026/9/12 16:37:32"
"C:\Users\allenzhao\AppData\Roaming\dream-ui-Dev-2\1one\team-skills\oskill_01a09454b46776008b9546f357ecb77b\SKILL.md","2026/9/12 16:37:32"
"C:\Users\allenzhao\AppData\Roaming\dream-ui-Dev-2\1one\team-skills\oskill_01a09454b57e71528911acd7094f351a\SKILL.md","2026/9/12 16:37:32"
"C:\Users\allenzhao\AppData\Roaming\dream-ui-Dev-2\1one\team-skills\oskill_01a09454b86f7bc0a5e4a126af2e041f\SKILL.md","2026/9/12 16:37:32"
"C:\Users\allenzhao\AppData\Roaming\dream-ui-Dev-2\1one\team-skills\oskill_01a09454b95a7973a9f295cc6a27973b\SKILL.md","2026/9/12 16:37:32"
"C:\Users\allenzhao\AppData\Roaming\dream-ui-Dev-2\1one\team-skills\oskill_01a09454ba8075c19e8cda46f2b1e9e4\SKILL.md","2026/9/12 16:37:32"
"C:\Users\allenzhao\AppData\Roaming\dream-ui-Dev-2\1one\team-skills\oskill_01a09454bb8f7d02ac5c8d5bf791e124\SKILL.md","2026/9/12 16:37:32"
"C:\Users\allenzhao\AppData\Roaming\dream-ui-Dev-2\1one\team-skills\oskill_01a09454bcc571d2abfe8a1504044b8d\SKILL.md","2026/9/12 16:37:32"
"C:\Users\allenzhao\AppData\Roaming\dream-ui-Dev-2\1one\team-skills\oskill_01a09454bdff7f909cc780bf3efd45a6\SKILL.md","2026/9/12 16:37:32"
"C:\Users\allenzhao\AppData\Roaming\dream-ui-Dev-2\1one\team-skills\oskill_01a09454bf8e7333b645e326c2cf227f\SKILL.md","2026/9/12 16:37:32"
"C:\Users\allenzhao\AppData\Roaming\dream-ui-Dev-2\1one\team-skills\oskill_01a09454c0a87041adce4095529b9144\SKILL.md","2026/9/12 16:37:32"
"C:\Users\allenzhao\AppData\Roaming\dream-ui-Dev-2\1one\team-skills\oskill_01a09454c19d7f30b8e12fb6e6cbebfb\SKILL.md","2026/9/12 16:37:32"
"C:\Users\allenzhao\AppData\Roaming\dream-ui-Dev-2\1one\team-skills\oskill_01a09454c3507c50999c6b6b313ab818\SKILL.md","2026/9/12 16:37:32"
"C:\Users\allenzhao\AppData\Roaming\dream-ui-Dev-2\1one\team-skills\oskill_01a09454c464738295ab7e6efcc0115b\SKILL.md","2026/9/12 16:37:32"
"C:\Users\allenzhao\AppData\Roaming\dream-ui-Dev-2\1one\team-skills\oskill_01a09454c5517ec193b7e6792ac8d9bb\SKILL.md","2026/9/12 16:37:32"
"C:\Users\allenzhao\AppData\Roaming\dream-ui-Dev-2\1one\team-skills\oskill_01a09454c6427e318898ff9fbf16950a\SKILL.md","2026/9/12 16:37:32"
"C:\Users\allenzhao\AppData\Roaming\dream-ui-Dev-2\1one\team-skills\oskill_01a09454c7a37921adf0afe5db123f38\SKILL.md","2026/9/12 16:37:32"
"C:\Users\allenzhao\AppData\Roaming\dream-ui-Dev-2\1one\team-skills\oskill_01a09454c8a77fa0a8af4043341565c4\SKILL.md","2026/9/12 16:37:32"
"C:\Users\allenzhao\AppData\Roaming\dream-ui-Dev-2\1one\team-skills\oskill_01a09454ca027612b060a09ce7b9676e\SKILL.md","2026/9/12 16:37:32"
"C:\Users\allenzhao\AppData\Roaming\dream-ui-Dev-2\1one\team-skills\oskill_01a09454cb007883b66ee6b1bddb4a0c\SKILL.md","2026/9/12 16:37:32"
"C:\Users\allenzhao\AppData\Roaming\dream-ui-Dev-2\1one\team-skills\oskill_01a09454cc6671a18225db7f6c38dc18\SKILL.md","2026/9/12 16:37:32"
"C:\Users\allenzhao\AppData\Roaming\dream-ui-Dev-2\1one\team-skills\oskill_01a09454cd587231821c666cf26ba3b8\SKILL.md","2026/9/12 16:37:32"
"C:\Users\allenzhao\AppData\Roaming\dream-ui-Dev-2\1one\team-skills\oskill_01a09454ce3f7a229210d0ab635cdec2\SKILL.md","2026/9/12 16:37:32"
"C:\Users\allenzhao\AppData\Roaming\dream-ui-Dev-2\1one\team-skills\oskill_01a09454cf247c53840d9ac93d434f4a\SKILL.md","2026/9/12 16:37:32"
"C:\Users\allenzhao\AppData\Roaming\dream-ui-Dev-2\1one\team-skills\oskill_01a09454d0327211a6662ae146b6bc74\SKILL.md","2026/9/12 16:37:31"
"C:\Users\allenzhao\AppData\Roaming\dream-ui-Dev-2\1one\team-skills\oskill_01a09454d1aa7f01aaa885b776089a05\SKILL.md","2026/9/12 16:37:31"
"C:\Users\allenzhao\AppData\Roaming\dream-ui-Dev-2\1one\team-skills\oskill_01a09454d2927d30bdac5b9bb1a11779\SKILL.md","2026/9/12 16:37:31"
"C:\Users\allenzhao\AppData\Roaming\dream-ui-Dev-2\1one\team-skills\oskill_01a09454d38e76619ae4ab9e04c82ec4\SKILL.md","2026/9/12 16:37:31"
"C:\Users\allenzhao\AppData\Roaming\dream-ui-Dev-2\1one\team-skills\oskill_01a09454d4827cc196733b26a47313d0\SKILL.md","2026/9/12 16:37:31"
"C:\Users\allenzhao\AppData\Roaming\dream-ui-Dev-2\1one\team-skills\oskill_01a09454d57575108a8e4baa69c8dddf\SKILL.md","2026/9/12 16:37:31"
"C:\Users\allenzhao\AppData\Roaming\dream-ui-Dev-2\1one\team-skills\oskill_01a09454d66672b1a1db8291bf2d7ced\SKILL.md","2026/9/12 16:37:31"
"C:\Users\allenzhao\AppData\Roaming\dream-ui-Dev-2\1one\team-skills\oskill_01a09454d7527c8287a575f138d3fc0c\SKILL.md","2026/9/12 16:37:31"
"C:\Users\allenzhao\AppData\Roaming\dream-ui-Dev-2\1one\team-skills\oskill_01a09454d8427901b5287530fa7c9e28\SKILL.md","2026/9/12 16:37:31"
"C:\Users\allenzhao\AppData\Roaming\dream-ui-Dev-2\1one\team-skills\oskill_01a09454d9227fa3a6e8efa095628135\SKILL.md","2026/9/12 16:37:31"
"C:\Users\allenzhao\AppData\Roaming\dream-ui-Dev-2\1one\team-skills\oskill_01a09454dc0d7f828a7d60605c7cce2b\SKILL.md","2026/9/12 16:37:31"
"C:\Users\allenzhao\AppData\Roaming\dream-ui-Dev-2\1one\team-skills\oskill_01a09454dcfb7fa39feb271e5d0081d7\SKILL.md","2026/9/12 16:37:31"
"C:\Users\allenzhao\AppData\Roaming\dream-ui-Dev-2\1one\team-skills\oskill_01a09454de0675738b73cc9796e6ff74\SKILL.md","2026/9/12 16:37:31"
"C:\Users\allenzhao\AppData\Roaming\dream-ui-Dev-2\1one\team-skills\oskill_01a09454deea7fd19e0ee1a2a6ee257e\SKILL.md","2026/9/12 16:37:31"
"C:\Users\allenzhao\AppData\Roaming\dream-ui-Dev-2\1one\team-skills\oskill_01a09454dffb74439fdc0ca72b68c26d\SKILL.md","2026/9/12 16:37:31"
"C:\Users\allenzhao\AppData\Roaming\dream-ui-Dev-2\1one\team-skills\oskill_01a09454e0fd77c28ad48cf3bfe6fcb3\SKILL.md","2026/9/12 16:37:31"
"C:\Users\allenzhao\AppData\Roaming\dream-ui-Dev-2\1one\team-skills\oskill_01a09454e1ee79419ac69787f76641ff\SKILL.md","2026/9/12 16:37:31"
"C:\Users\allenzhao\AppData\Roaming\dream-ui-Dev-2\1one\team-skills\oskill_01a09454e2e5719185839f7ae6b1657f\SKILL.md","2026/9/12 16:37:31"
"C:\Users\allenzhao\AppData\Roaming\dream-ui-Dev-2\1one\team-skills\oskill_01a09454e3dd7f60991769f08aca2808\SKILL.md","2026/9/12 16:37:31"
"C:\Users\allenzhao\AppData\Roaming\dream-ui-Dev-2\1one\team-skills\oskill_01a09454e4cf7b71b98d625d1276f57f\SKILL.md","2026/9/12 16:37:31"
"C:\Users\allenzhao\AppData\Roaming\dream-ui-Dev-2\1one\team-skills\oskill_01a09454e5bb7cc0910c4a76ddc75b32\SKILL.md","2026/9/12 16:37:31"
"C:\Users\allenzhao\AppData\Roaming\dream-ui-Dev-2\1one\team-skills\oskill_01a09454e6c37ae08b763fbce4ff1340\SKILL.md","2026/9/12 16:37:31"
"C:\Users\allenzhao\AppData\Roaming\dream-ui-Dev-2\1one\team-skills\oskill_01a09454e7b57be3a55f8cf3163205d0\SKILL.md","2026/9/12 16:37:31"
"C:\Users\allenzhao\AppData\Roaming\dream-ui-Dev-2\1one\team-skills\oskill_01a09454e8b07422a6192a68da6afbb4\SKILL.md","2026/9/12 16:37:31"
"C:\Users\allenzhao\AppData\Roaming\dream-ui-Dev-2\1one\team-skills\oskill_01a09454e9a17300acf1b5b2ccb359ae\SKILL.md","2026/9/12 16:37:31"
"C:\Users\allenzhao\AppData\Roaming\dream-ui-Dev-2\1one\team-skills\oskill_01a09454ea987ed3b359663fcbd0ed44\SKILL.md","2026/9/12 16:37:31"
"C:\Users\allenzhao\AppData\Roaming\dream-ui-Dev-2\1one\team-skills\oskill_01a09454eb957a13b9c2980c3f174a18\SKILL.md","2026/9/12 16:37:31"
"C:\Users\allenzhao\AppData\Roaming\dream-ui-Dev-2\1one\team-skills\oskill_01a09454ec907040b5763fb215fadd38\SKILL.md","2026/9/12 16:37:31"
"C:\Users\allenzhao\AppData\Roaming\dream-ui-Dev-2\1one\team-skills\oskill_01a09454ed7d79b3b677ae20f835bb1a\SKILL.md","2026/9/12 16:37:31"
"C:\Users\allenzhao\AppData\Roaming\dream-ui-Dev-2\1one\team-skills\oskill_01a09454ee697842a60339232f8b831e\SKILL.md","2026/9/12 16:37:31"
"C:\Users\allenzhao\AppData\Roaming\dream-ui-Dev-2\1one\team-skills\oskill_01a09454ef6079418a26cd13cd55fe3c\SKILL.md","2026/9/12 16:37:31"
"C:\Users\allenzhao\AppData\Roaming\dream-ui-Dev-2\1one\team-skills\oskill_01a09454f2ed7e61b4ee9cbb68a68af5\SKILL.md","2026/9/12 16:37:31"
"C:\Users\allenzhao\AppData\Roaming\dream-ui-Dev-2\1one\team-skills\oskill_01a09454f4d67cb0bd183b14db2de3c0\SKILL.md","2026/9/12 16:37:31"
"C:\Users\allenzhao\AppData\Roaming\dream-ui-Dev-2\1one\team-skills\oskill_01a09454f6a878c1a5a948bea5be9908\SKILL.md","2026/9/12 16:37:31"
"C:\Users\allenzhao\AppData\Roaming\dream-ui-Dev-2\1one\team-skills\oskill_01a09454f79272b08d53e079ca68af2c\SKILL.md","2026/9/12 16:37:31"
"C:\Users\allenzhao\AppData\Roaming\dream-ui-Dev-2\1one\team-skills\oskill_01a09454f87a76c1933e38bceeb5f26f\SKILL.md","2026/9/12 16:37:31"
"C:\Users\allenzhao\AppData\Roaming\dream-ui-Dev-2\1one\team-skills\oskill_01a09454f9ae70f1abaa316772fcb236\SKILL.md","2026/9/12 16:37:31"
"C:\Users\allenzhao\AppData\Roaming\dream-ui-Dev-2\1one\team-skills\oskill_01a09454fa9d7d609ed79017fec9b55b\SKILL.md","2026/9/12 16:37:31"
"C:\Users\allenzhao\AppData\Roaming\dream-ui-Dev-2\1one\team-skills\oskill_01a09454fc8276d29501658a7ba620f4\SKILL.md","2026/9/12 16:37:31"
"C:\Users\allenzhao\AppData\Roaming\dream-ui-Dev-2\1one\team-skills\oskill_01a09454fd7c7902b4083b13c707e731\SKILL.md","2026/9/12 16:37:31"
"C:\Users\allenzhao\AppData\Roaming\dream-ui-Dev-2\1one\team-skills\oskill_01a09454fe667db3b211ba1df22f7b0d\SKILL.md","2026/9/12 16:37:31"
"C:\Users\allenzhao\AppData\Roaming\dream-ui-Dev-2\1one\team-skills\oskill_01a09455002578428086eb55f65f1e4e\SKILL.md","2026/9/12 16:37:31"
"C:\Users\allenzhao\AppData\Roaming\dream-ui-Dev-2\1one\team-skills\oskill_01a0945501ef74638397f25c5683977b\SKILL.md","2026/9/12 16:37:31"
"C:\Users\allenzhao\AppData\Roaming\dream-ui-Dev-2\1one\team-skills\oskill_01a0945504d27d619283376fe5c4a5ff\SKILL.md","2026/9/12 16:37:31"
"C:\Users\allenzhao\AppData\Roaming\dream-ui-Dev-2\1one\team-skills\oskill_01a0945506a97d83bff5a7bbee3ac420\SKILL.md","2026/9/12 16:37:31"
"C:\Users\allenzhao\AppData\Roaming\dream-ui-Dev-2\1one\team-skills\oskill_01a094550a7d7642ad920fd06c70236c\SKILL.md","2026/9/12 16:37:31"
"C:\Users\allenzhao\AppData\Roaming\dream-ui-Dev-2\1one\team-skills\oskill_01a094550b707f8081863db50d3fe6d0\SKILL.md","2026/9/12 16:37:31"
"C:\Users\allenzhao\AppData\Roaming\dream-ui-Dev-2\1one\team-skills\oskill_01a094550d607c23b93f6b92fe21c969\SKILL.md","2026/9/12 16:37:31"
"C:\Users\allenzhao\AppData\Roaming\dream-ui-Dev-2\1one\team-skills\oskill_01a094550e4c70618d669a89f3a009a8\SKILL.md","2026/9/12 16:37:31"
"C:\Users\allenzhao\AppData\Roaming\dream-ui-Dev-2\1one\team-skills\oskill_01a09455103976b29bd614bab2b27eb9\SKILL.md","2026/9/12 16:37:31"
"C:\Users\allenzhao\AppData\Roaming\dream-ui-Dev-2\1one\team-skills\oskill_01a09455139d7f00aa80eb875d2d73a8\SKILL.md","2026/9/12 16:37:31"
"C:\Users\allenzhao\AppData\Roaming\dream-ui-Dev-2\1one\team-skills\oskill_01a09455158977e08af2006b0ab7a81d\SKILL.md","2026/9/12 16:37:31"
"C:\Users\allenzhao\AppData\Roaming\dream-ui-Dev-2\1one\team-skills\oskill_01a09455174473b180c77079a362476f\SKILL.md","2026/9/12 16:37:31"
"C:\Users\allenzhao\AppData\Roaming\dream-ui-Dev-2\1one\team-skills\oskill_01a0945518327df1b5862d1612f4fd8f\SKILL.md","2026/9/12 16:37:31"
"C:\Users\allenzhao\AppData\Roaming\dream-ui-Dev-2\1one\team-skills\oskill_01a09455192373b2a0864d8fd4eef360\SKILL.md","2026/9/12 16:37:31"
"C:\Users\allenzhao\AppData\Roaming\dream-ui-Dev-2\1one\team-skills\oskill_01a094551a157db1b51916d1da059d38\SKILL.md","2026/9/12 16:37:31"
"C:\Users\allenzhao\AppData\Roaming\dream-ui-Dev-2\1one\team-skills\oskill_01a094551b26729395f506738d4131b5\SKILL.md","2026/9/12 16:37:31"
"C:\Users\allenzhao\AppData\Roaming\dream-ui-Dev-2\1one\team-skills\oskill_01a094551c457430833ff5183c7f12a3\SKILL.md","2026/9/12 16:37:31"
"C:\Users\allenzhao\AppData\Roaming\dream-ui-Dev-2\1one\team-skills\oskill_01a094551d2f76c3a784d46a23f9299c\SKILL.md","2026/9/12 16:37:31"
"C:\Users\allenzhao\AppData\Roaming\dream-ui-Dev-2\1one\team-skills\oskill_01a094551e1e72e0bbc13d41d98fa1fb\SKILL.md","2026/9/12 16:37:31"
"C:\Users\allenzhao\AppData\Roaming\dream-ui-Dev-2\1one\team-skills\oskill_01a094551f0c7823bf33e6729e5fc18f\SKILL.md","2026/9/12 16:37:31"
"C:\Users\allenzhao\AppData\Roaming\dream-ui-Dev-2\1one\team-skills\oskill_01a094552005779283330a7b0236b706\SKILL.md","2026/9/12 16:37:31"
"C:\Users\allenzhao\AppData\Roaming\dream-ui-Dev-2\1one\team-skills\oskill_01a0945521937273ac7ef7e360e67df1\SKILL.md","2026/9/12 16:37:31"
"C:\Users\allenzhao\AppData\Roaming\dream-ui-Dev-2\1one\team-skills\oskill_01a0945522877412b826c683b2aecf56\SKILL.md","2026/9/12 16:37:31"
"C:\Users\allenzhao\AppData\Roaming\dream-ui-Dev-2\1one\team-skills\oskill_01a0945524187191bccb6f5e0a27009b\SKILL.md","2026/9/12 16:37:31"
"C:\Users\allenzhao\AppData\Roaming\dream-ui-Dev-2\1one\team-skills\oskill_01a09455260d7be2a0e133ae69d76f0e\SKILL.md","2026/9/12 16:37:31"
"C:\Users\allenzhao\AppData\Roaming\dream-ui-Dev-2\1one\team-skills\oskill_01a0945526fe7951a79666b4258edbe0\SKILL.md","2026/9/12 16:37:31"
"C:\Users\allenzhao\AppData\Roaming\dream-ui-Dev-2\1one\team-skills\oskill_01a0945528157583b6d69c77549e3443\SKILL.md","2026/9/12 16:37:31"
"C:\Users\allenzhao\AppData\Roaming\dream-ui-Dev-2\1one\team-skills\oskill_01a0945529d377e29ac7f9a5abc93759\SKILL.md","2026/9/12 16:37:31"
"C:\Users\allenzhao\AppData\Roaming\dream-ui-Dev-2\1one\team-skills\oskill_01a094552c4875e383c897034874aa17\SKILL.md","2026/9/12 16:37:31"
"C:\Users\allenzhao\AppData\Roaming\dream-ui-Dev-2\1one\team-skills\oskill_01a094552d3c77108f44a28f10eb0a3e\SKILL.md","2026/9/12 16:37:31"
"C:\Users\allenzhao\AppData\Roaming\dream-ui-Dev-2\1one\team-skills\oskill_01a094552f5f7d80ab5b5b6265c3b9dc\SKILL.md","2026/9/12 16:37:31"
"C:\Users\allenzhao\AppData\Roaming\dream-ui-Dev-2\1one\team-skills\oskill_01a09455308e7bb195b9457b90922884\SKILL.md","2026/9/12 16:37:31"
"C:\Users\allenzhao\AppData\Roaming\dream-ui-Dev-2\1one\team-skills\oskill_01a0945532897022a0871d24110dbd46\SKILL.md","2026/9/12 16:37:31"
"C:\Users\allenzhao\AppData\Roaming\dream-ui-Dev-2\1one\team-skills\oskill_01a094553375751388e9dbc73a1dc763\SKILL.md","2026/9/12 16:37:31"
"C:\Users\allenzhao\AppData\Roaming\dream-ui-Dev-2\1one\team-skills\oskill_01a0945535587fd2aed2cb0bd847389e\SKILL.md","2026/9/12 16:37:31"
"C:\Users\allenzhao\AppData\Roaming\dream-ui-Dev-2\1one\team-skills\oskill_01a0945538e177a191edb676999629e3\SKILL.md","2026/9/12 16:37:31"
"C:\Users\allenzhao\AppData\Roaming\dream-ui-Dev-2\1one\team-skills\oskill_01a0945539c77c9289f69b22d2e7a6f9\SKILL.md","2026/9/12 16:37:31"
"C:\Users\allenzhao\AppData\Roaming\dream-ui-Dev-2\1one\team-skills\oskill_01a094553b807711ae20f1858d4f3d88\SKILL.md","2026/9/12 16:37:31"
"C:\Users\allenzhao\AppData\Roaming\dream-ui-Dev-2\1one\team-skills\oskill_01a094553caf7182870f3e8a395acba4\SKILL.md","2026/9/12 16:37:31"
"C:\Users\allenzhao\AppData\Roaming\dream-ui-Dev-2\1one\team-skills\oskill_01a094553da87290b06a493d96badc7b\SKILL.md","2026/9/12 16:37:31"
"C:\Users\allenzhao\AppData\Roaming\dream-ui-Dev-2\1one\team-skills\oskill_01a094553e927cd0b8ee3add5a32b7a2\SKILL.md","2026/9/12 16:37:31"
"C:\Users\allenzhao\AppData\Roaming\dream-ui-Dev-2\1one\team-skills\oskill_01a094553ffc7a029f1b84d5ba93d967\SKILL.md","2026/9/12 16:37:31"
"C:\Users\allenzhao\AppData\Roaming\dream-ui-Dev-2\1one\team-skills\oskill_01a0945540ee78e3a17a24052baf78e0\SKILL.md","2026/9/12 16:37:31"
"C:\Users\allenzhao\AppData\Roaming\dream-ui-Dev-2\1one\team-skills\oskill_01a0945541ee7311b1077025257ce204\SKILL.md","2026/9/12 16:37:31"
"C:\Users\allenzhao\AppData\Roaming\dream-ui-Dev-2\1one\team-skills\oskill_01a0945542dd79c1b51cdefd10339505\SKILL.md","2026/9/12 16:37:31"
"C:\Users\allenzhao\AppData\Roaming\dream-ui-Dev-2\1one\team-skills\oskill_01a0945543c07ad2980f59fc8c9bab3a\SKILL.md","2026/9/12 16:37:31"
"C:\Users\allenzhao\AppData\Roaming\dream-ui-Dev-2\1one\team-skills\oskill_01a0945544bb74a28f8dff4c4af7c8fc\SKILL.md","2026/9/12 16:37:31"
"C:\Users\allenzhao\AppData\Roaming\dream-ui-Dev-2\1one\team-skills\oskill_01a09455469e70b1bcfa7085346a3a22\SKILL.md","2026/9/12 16:37:31"
"C:\Users\allenzhao\AppData\Roaming\dream-ui-Dev-2\1one\team-skills\oskill_01a0945547d479429f7f17114004f40b\SKILL.md","2026/9/12 16:37:31"
"C:\Users\allenzhao\AppData\Roaming\dream-ui-Dev-2\1one\team-skills\oskill_01a09455497c77f0baf0136545d832e2\SKILL.md","2026/9/12 16:37:31"
"C:\Users\allenzhao\AppData\Roaming\dream-ui-Dev-2\1one\team-skills\oskill_01a094554a6e7e328fc3328919222444\SKILL.md","2026/9/12 16:37:31"
"C:\Users\allenzhao\AppData\Roaming\dream-ui-Dev-2\1one\team-skills\oskill_01a094554b617c53a1656a9fe4b1aae8\SKILL.md","2026/9/12 16:37:31"
"C:\Users\allenzhao\AppData\Roaming\dream-ui-Dev-2\1one\team-skills\oskill_01a094554d387620ab92d2c448c5c88b\SKILL.md","2026/9/12 16:37:31"
"C:\Users\allenzhao\AppData\Roaming\dream-ui-Dev-2\1one\team-skills\oskill_01a0945552007092aff93052607eb900\SKILL.md","2026/9/12 16:37:31"
"C:\Users\allenzhao\AppData\Roaming\dream-ui-Dev-2\1one\team-skills\oskill_01a0945552fa71129bc0c9b7c7d4b2fb\SKILL.md","2026/9/12 16:37:31"
"C:\Users\allenzhao\AppData\Roaming\dream-ui-Dev-2\1one\team-skills\oskill_01a0945555147cb39a634fd434e71705\SKILL.md","2026/9/12 16:37:31"
"C:\Users\allenzhao\AppData\Roaming\dream-ui-Dev-2\1one\team-skills\oskill_01a09455563a7eb299e79ad1fc1e2e92\SKILL.md","2026/9/12 16:37:31"
"C:\Users\allenzhao\AppData\Roaming\dream-ui-Dev-2\1one\team-skills\oskill_01a09455573e7e928dbb79eca5cc567d\SKILL.md","2026/9/12 16:37:31"
"C:\Users\allenzhao\AppData\Roaming\dream-ui-Dev-2\1one\team-skills\oskill_01a09455594278b18e8a73ccbbef39d2\SKILL.md","2026/9/12 16:37:31"
"C:\Users\allenzhao\AppData\Roaming\dream-ui-Dev-2\1one\team-skills\oskill_01a094555b157ff28048cd6d7ddb4886\SKILL.md","2026/9/12 16:37:31"
"C:\Users\allenzhao\AppData\Roaming\dream-ui-Dev-2\1one\team-skills\oskill_01a094555e6f7ef3950c9861ee00e52c\SKILL.md","2026/9/12 16:37:31"
"C:\Users\allenzhao\AppData\Roaming\dream-ui-Dev-2\1one\team-skills\oskill_01a09455605f72a28a4c267d38f16f6b\SKILL.md","2026/9/12 16:37:31"
"C:\Users\allenzhao\AppData\Roaming\dream-ui-Dev-2\1one\team-skills\oskill_01a09455619b7b7392a80f6ea570b09e\SKILL.md","2026/9/12 16:37:31"
"C:\Users\allenzhao\AppData\Roaming\dream-ui-Dev-2\1one\team-skills\oskill_01a09455628573f383dba0c66b86f34f\SKILL.md","2026/9/12 16:37:31"
"C:\Users\allenzhao\AppData\Roaming\dream-ui-Dev-2\1one\team-skills\oskill_01a09455638f7cf19e26d123e62f357b\SKILL.md","2026/9/12 16:37:31"
"C:\Users\allenzhao\AppData\Roaming\dream-ui-Dev-2\1one\team-skills\oskill_01a09455648872b39461c9525404792d\SKILL.md","2026/9/12 16:37:31"
"C:\Users\allenzhao\AppData\Roaming\dream-ui-Dev-2\1one\team-skills\oskill_01a0945565787fc2881d88f79647af32\SKILL.md","2026/9/12 16:37:31"
"C:\Users\allenzhao\AppData\Roaming\dream-ui-Dev-2\1one\team-skills\oskill_01a0945566677971b9f31f9703ab5971\SKILL.md","2026/9/12 16:37:31"
"C:\Users\allenzhao\AppData\Roaming\dream-ui-Dev-2\1one\team-skills\oskill_01a09455675f7ce1ae30dad58403aba8\SKILL.md","2026/9/12 16:37:31"
"C:\Users\allenzhao\AppData\Roaming\dream-ui-Dev-2\1one\team-skills\oskill_01a09455698b7cc3b50826351a60050e\SKILL.md","2026/9/12 16:37:31"
"C:\Users\allenzhao\AppData\Roaming\dream-ui-Dev-2\1one\team-skills\oskill_01a094556ac8750189ec252802299f03\SKILL.md","2026/9/12 16:37:31"
"C:\Users\allenzhao\AppData\Roaming\dream-ui-Dev-2\1one\team-skills\oskill_01a094556cc471b098dbe852568d7bd0\SKILL.md","2026/9/12 16:37:31"
"C:\Users\allenzhao\AppData\Roaming\dream-ui-Dev-2\1one\team-skills\oskill_01a094556eab7be1af5352539e16bef8\SKILL.md","2026/9/12 16:37:31"
"C:\Users\allenzhao\AppData\Roaming\dream-ui-Dev-2\1one\team-skills\oskill_01a0945572fd7e9395693d346df0e57c\SKILL.md","2026/9/12 16:37:31"
"C:\Users\allenzhao\AppData\Roaming\dream-ui-Dev-2\1one\team-skills\oskill_01a0945574b07c839abbda5f03720317\SKILL.md","2026/9/12 16:37:31"
"C:\Users\allenzhao\AppData\Roaming\dream-ui-Dev-2\1one\team-skills\oskill_01a0945575e172109f9a364de2bb385f\SKILL.md","2026/9/12 16:37:31"
"C:\Users\allenzhao\AppData\Roaming\dream-ui-Dev-2\1one\team-skills\oskill_01a0945577b17172aff9650d10001fa9\SKILL.md","2026/9/12 16:37:31"
"C:\Users\allenzhao\AppData\Roaming\dream-ui-Dev-2\1one\team-skills\oskill_01a09455789a70a189bc46976e3608fc\SKILL.md","2026/9/12 16:37:31"
"C:\Users\allenzhao\AppData\Roaming\dream-ui-Dev-2\1one\team-skills\oskill_01a094557a8276a0bd08d63f9ae728d4\SKILL.md","2026/9/12 16:37:31"
"C:\Users\allenzhao\AppData\Roaming\dream-ui-Dev-2\1one\team-skills\oskill_01a094557bab7ab2838f8576efb4ad2d\SKILL.md","2026/9/12 16:37:31"
"C:\Users\allenzhao\AppData\Roaming\dream-ui-Dev-2\1one\team-skills\oskill_01a094557c9a70538f5a0695650d80a4\SKILL.md","2026/9/12 16:37:31"
"C:\Users\allenzhao\AppData\Roaming\dream-ui-Dev-2\1one\team-skills\oskill_01a09455800774d3a732a82958aa9598\SKILL.md","2026/9/12 16:37:31"
"C:\Users\allenzhao\AppData\Roaming\dream-ui-Dev-2\1one\team-skills\oskill_01a0945580f77b31911821282a04711b\SKILL.md","2026/9/12 16:37:31"
"C:\Users\allenzhao\AppData\Roaming\dream-ui-Dev-2\1one\team-skills\oskill_01a0945581e67f4087b79a893b65d4e3\SKILL.md","2026/9/12 16:37:31"
"C:\Users\allenzhao\AppData\Roaming\dream-ui-Dev-2\1one\team-skills\oskill_01a0945583957b2098d832be76783479\SKILL.md","2026/9/12 16:37:31"
"C:\Users\allenzhao\AppData\Roaming\dream-ui-Dev-2\1one\team-skills\oskill_01a0945584807d91b5fdd95000eab975\SKILL.md","2026/9/12 16:37:31"
"C:\Users\allenzhao\AppData\Roaming\dream-ui-Dev-2\1one\team-skills\oskill_01a0945585bd70939f5737af739cbf1c\SKILL.md","2026/9/12 16:37:31"
"C:\Users\allenzhao\AppData\Roaming\dream-ui-Dev-2\1one\team-skills\oskill_01a0945586cd7ed19b6b6badbadfed57\SKILL.md","2026/9/12 16:37:31"
"C:\Users\allenzhao\AppData\Roaming\dream-ui-Dev-2\1one\team-skills\oskill_01a0945587b97070a25e6e84068f71d1\SKILL.md","2026/9/12 16:37:31"
"C:\Users\allenzhao\AppData\Roaming\dream-ui-Dev-2\1one\team-skills\oskill_01a0945588b07130b71f9b0945a50e0f\SKILL.md","2026/9/12 16:37:31"
"C:\Users\allenzhao\AppData\Roaming\dream-ui-Dev-2\1one\team-skills\oskill_01a0945589b07f00b836b1a17e72cb40\SKILL.md","2026/9/12 16:37:31"
"C:\Users\allenzhao\AppData\Roaming\dream-ui-Dev-2\1one\team-skills\oskill_01a094558aa87cb18e4aab54e9378de8\SKILL.md","2026/9/12 16:37:31"
"C:\Users\allenzhao\AppData\Roaming\dream-ui-Dev-2\1one\team-skills\oskill_01a094558bad74a294f120947ce1d473\SKILL.md","2026/9/12 16:37:31"
"C:\Users\allenzhao\AppData\Roaming\dream-ui-Dev-2\1one\team-skills\oskill_01a094558c9e7d6091cdc95ef8d491d0\SKILL.md","2026/9/12 16:37:31"
"C:\Users\allenzhao\AppData\Roaming\dream-ui-Dev-2\1one\team-skills\oskill_01a094558d907b728c0eb3270e763925\SKILL.md","2026/9/12 16:37:31"
"C:\Users\allenzhao\AppData\Roaming\dream-ui-Dev-2\1one\team-skills\oskill_01a094558e847fe2a9f692fc48a6fc40\SKILL.md","2026/9/12 16:37:31"
"C:\Users\allenzhao\AppData\Roaming\dream-ui-Dev-2\1one\team-skills\oskill_01a094558f757fb39f39826d615dccc8\SKILL.md","2026/9/12 16:37:31"
"C:\Users\allenzhao\AppData\Roaming\dream-ui-Dev-2\1one\team-skills\oskill_01a0945590bf74f181a817773693841a\SKILL.md","2026/9/12 16:37:31"
"C:\Users\allenzhao\AppData\Roaming\dream-ui-Dev-2\1one\team-skills\oskill_01a0945591ba71c1994dfdbdd79945cd\SKILL.md","2026/9/12 16:37:31"
"C:\Users\allenzhao\AppData\Roaming\dream-ui-Dev-2\1one\team-skills\oskill_01a0945592a77560ba62ed1186587387\SKILL.md","2026/9/12 16:37:31"
"C:\Users\allenzhao\AppData\Roaming\dream-ui-Dev-2\1one\team-skills\oskill_01a0945594837631ae92f8b2c76ffed9\SKILL.md","2026/9/12 16:37:31"
"C:\Users\allenzhao\AppData\Roaming\dream-ui-Dev-2\1one\team-skills\oskill_01a09455967370d098d82f2216afb5f7\SKILL.md","2026/9/12 16:37:31"
"C:\Users\allenzhao\AppData\Roaming\dream-ui-Dev-2\1one\team-skills\oskill_01a0945597527442adf9a6acf7ec584e\SKILL.md","2026/9/12 16:37:31"
"C:\Users\allenzhao\AppData\Roaming\dream-ui-Dev-2\1one\team-skills\oskill_01a0945598417813a424a978a41f16d4\SKILL.md","2026/9/12 16:37:31"
"C:\Users\allenzhao\AppData\Roaming\dream-ui-Dev-2\1one\team-skills\oskill_01a0945599f07843ab2fe305ca1006b5\SKILL.md","2026/9/12 16:37:31"
"C:\Users\allenzhao\AppData\Roaming\dream-ui-Dev-2\1one\team-skills\oskill_01a094559b997dd0a60f7da482d70785\SKILL.md","2026/9/12 16:37:31"
"C:\Users\allenzhao\AppData\Roaming\dream-ui-Dev-2\1one\team-skills\oskill_01a094559c9479518f093f054cd907d9\SKILL.md","2026/9/12 16:37:31"
"C:\Users\allenzhao\AppData\Roaming\dream-ui-Dev-2\1one\team-skills\oskill_01a094559e287563973ee406b90b59e4\SKILL.md","2026/9/12 16:37:31"
"C:\Users\allenzhao\AppData\Roaming\dream-ui-Dev-2\1one\team-skills\oskill_01a09455a04d7a93b819ed8ce6c7a46d\SKILL.md","2026/9/12 16:37:31"
"C:\Users\allenzhao\AppData\Roaming\dream-ui-Dev-2\1one\team-skills\oskill_01a09455a13a7ae2a53eb347e5d23d32\SKILL.md","2026/9/12 16:37:31"
"C:\Users\allenzhao\AppData\Roaming\dream-ui-Dev-2\1one\team-skills\oskill_01a09455a22c75a28ebc05d26f5f8c80\SKILL.md","2026/9/12 16:37:31"
"C:\Users\allenzhao\AppData\Roaming\dream-ui-Dev-2\1one\team-skills\oskill_01a09455a51f75b280009c63f10f0116\SKILL.md","2026/9/12 16:37:31"
"C:\Users\allenzhao\AppData\Roaming\dream-ui-Dev-2\1one\team-skills\oskill_01a09455a60a70b3a27bb65297a54413\SKILL.md","2026/9/12 16:37:31"
"C:\Users\allenzhao\AppData\Roaming\dream-ui-Dev-2\1one\team-skills\oskill_01a09455a7017352882badf408b56214\SKILL.md","2026/9/12 16:37:31"
"C:\Users\allenzhao\AppData\Roaming\dream-ui-Dev-2\1one\team-skills\oskill_01a09455a7e37a70954c268d07857e3a\SKILL.md","2026/9/12 16:37:31"
"C:\Users\allenzhao\AppData\Roaming\dream-ui-Dev-2\1one\team-skills\oskill_01a09455a9d374638d79cd38d360f114\SKILL.md","2026/9/12 16:37:31"
"C:\Users\allenzhao\AppData\Roaming\dream-ui-Dev-2\1one\team-skills\oskill_01a09455ada575e0b494751f3b5e3a47\SKILL.md","2026/9/12 16:37:31"
"C:\Users\allenzhao\AppData\Roaming\dream-ui-Dev-2\1one\team-skills\oskill_01a09455ae877aa3a1787dc456fb3b49\SKILL.md","2026/9/12 16:37:31"
"C:\Users\allenzhao\AppData\Roaming\dream-ui-Dev-2\1one\team-skills\oskill_01a09455af84706195b026e59d11a2ef\SKILL.md","2026/9/12 16:37:31"
"C:\Users\allenzhao\AppData\Roaming\dream-ui-Dev-2\1one\team-skills\oskill_01a09455b1637bf18275b051063e05c0\SKILL.md","2026/9/12 16:37:31"
"C:\Users\allenzhao\AppData\Roaming\dream-ui-Dev-2\1one\team-skills\oskill_01a09455b5dd7ee0bde104a039f89ef4\SKILL.md","2026/9/12 16:37:31"
"C:\Users\allenzhao\AppData\Roaming\dream-ui-Dev-2\1one\team-skills\oskill_01a09455b6d071e195d214a32574d373\SKILL.md","2026/9/12 16:37:31"
"C:\Users\allenzhao\AppData\Roaming\dream-ui-Dev-2\1one\team-skills\oskill_01a09455b7c7778290445b05f1df1f8b\SKILL.md","2026/9/12 16:37:31"
"C:\Users\allenzhao\AppData\Roaming\dream-ui-Dev-2\1one\team-skills\oskill_01a09455b8d674a191fe4109ae68c2c4\SKILL.md","2026/9/12 16:37:31"
"C:\Users\allenzhao\AppData\Roaming\dream-ui-Dev-2\1one\team-skills\oskill_01a09455b9ce7343ba03dfa7a70833d9\SKILL.md","2026/9/12 16:37:31"
"C:\Users\allenzhao\AppData\Roaming\dream-ui-Dev-2\1one\team-skills\oskill_01a09455bb737fc1aa216c123477f16c\SKILL.md","2026/9/12 16:37:31"
"C:\Users\allenzhao\AppData\Roaming\dream-ui-Dev-2\1one\team-skills\oskill_01a09455bc5f7b30adb42c3cfaba1438\SKILL.md","2026/9/12 16:37:31"
"C:\Users\allenzhao\AppData\Roaming\dream-ui-Dev-2\1one\team-skills\oskill_01a09455be297b828b338472df49f0f0\SKILL.md","2026/9/12 16:37:31"
"C:\Users\allenzhao\AppData\Roaming\dream-ui-Dev-2\1one\team-skills\oskill_01a09455c0057a01b8f566fdd779fde2\SKILL.md","2026/9/12 16:37:31"
"C:\Users\allenzhao\AppData\Roaming\dream-ui-Dev-2\1one\team-skills\oskill_01a09455c1e4765194f9a7c61c03af8c\SKILL.md","2026/9/12 16:37:31"
"C:\Users\allenzhao\AppData\Roaming\dream-ui-Dev-2\1one\team-skills\oskill_01a09455c3d37983a7c02d5557ba9548\SKILL.md","2026/9/12 16:37:31"
"C:\Users\allenzhao\AppData\Roaming\dream-ui-Dev-2\1one\team-skills\oskill_01a09455c5f977a094e4886c80d15175\SKILL.md","2026/9/12 16:37:31"
"C:\Users\allenzhao\AppData\Roaming\dream-ui-Dev-2\1one\team-skills\oskill_01a09455c6df7e43be9a2f2d8443c284\SKILL.md","2026/9/12 16:37:31"
"C:\Users\allenzhao\AppData\Roaming\dream-ui-Dev-2\1one\team-skills\oskill_01a09455c7d37ac38858904e904e76d0\SKILL.md","2026/9/12 16:37:31"
"C:\Users\allenzhao\AppData\Roaming\dream-ui-Dev-2\1one\team-skills\oskill_01a09455c9067bb3b93e7455ecf8ba76\SKILL.md","2026/9/12 16:37:31"
"C:\Users\allenzhao\AppData\Roaming\dream-ui-Dev-2\1one\team-skills\oskill_01a09455caeb7cf08c8e3f912abc3af7\SKILL.md","2026/9/12 16:37:31"
"C:\Users\allenzhao\AppData\Roaming\dream-ui-Dev-2\1one\team-skills\oskill_01a09455ccd57af2b01d795b9646e7ee\SKILL.md","2026/9/12 16:37:31"
"C:\Users\allenzhao\AppData\Roaming\dream-ui-Dev-2\1one\team-skills\oskill_01a09455d08374a2ab9f303b11866c50\SKILL.md","2026/9/12 16:37:31"
"C:\Users\allenzhao\AppData\Roaming\dream-ui-Dev-2\1one\team-skills\oskill_01a09455d2167121a7b2c60ceaadbfd7\SKILL.md","2026/9/12 16:37:31"
"C:\Users\allenzhao\AppData\Roaming\dream-ui-Dev-2\1one\team-skills\oskill_01a09455d37d7763b6a2a82eb85b3a46\SKILL.md","2026/9/12 16:37:31"
"C:\Users\allenzhao\AppData\Roaming\dream-ui-Dev-2\1one\team-skills\oskill_01a09455d4727a43af9c7073551712ef\SKILL.md","2026/9/12 16:37:31"
"C:\Users\allenzhao\AppData\Roaming\dream-ui-Dev-2\1one\team-skills\oskill_01a09455d59275e0b328d0ee4a6ceecd\SKILL.md","2026/9/12 16:37:31"
"C:\Users\allenzhao\AppData\Roaming\dream-ui-Dev-2\1one\team-skills\oskill_01a09455d7047d73865179f544712b74\SKILL.md","2026/9/12 16:37:31"
"C:\Users\allenzhao\AppData\Roaming\dream-ui-Dev-2\1one\team-skills\oskill_01a09455d8bf7d138668a34ceb7d59e6\SKILL.md","2026/9/12 16:37:31"
"C:\Users\allenzhao\AppData\Roaming\dream-ui-Dev-2\1one\team-skills\oskill_01a09455d9a37012a09b2444ca9d49c0\SKILL.md","2026/9/12 16:37:31"
"C:\Users\allenzhao\AppData\Roaming\dream-ui-Dev-2\1one\team-skills\oskill_01a09455db9570a3b5f9d07101b891c6\SKILL.md","2026/9/12 16:37:31"
"C:\Users\allenzhao\AppData\Roaming\dream-ui-Dev-2\1one\team-skills\oskill_01a09455dc857e11b59a04680ce1e0b2\SKILL.md","2026/9/12 16:37:31"
"C:\Users\allenzhao\AppData\Roaming\dream-ui-Dev-2\1one\team-skills\oskill_01a09455de64761092bcf4c38a5f7206\SKILL.md","2026/9/12 16:37:31"
"C:\Users\allenzhao\AppData\Roaming\dream-ui-Dev-2\1one\team-skills\oskill_01a09455e11679a0bc89f5469e4525a1\SKILL.md","2026/9/12 16:37:31"
"C:\Users\allenzhao\AppData\Roaming\dream-ui-Dev-2\1one\team-skills\oskill_01a09455e2997673ab0f9ecf4e45c8d7\SKILL.md","2026/9/12 16:37:31"
"C:\Users\allenzhao\AppData\Roaming\dream-ui-Dev-2\1one\team-skills\oskill_01a09455e3dc77a08844a9b13a37bb9d\SKILL.md","2026/9/12 16:37:31"
"C:\Users\allenzhao\AppData\Roaming\dream-ui-Dev-2\1one\team-skills\oskill_01a09455e5a17bb09b69a4b66ee1351c\SKILL.md","2026/9/12 16:37:31"
"C:\Users\allenzhao\AppData\Roaming\dream-ui-Dev-2\1one\team-skills\oskill_01a09455e7907260a0d6b7bb4eaf86f4\SKILL.md","2026/9/12 16:37:31"
"C:\Users\allenzhao\AppData\Roaming\dream-ui-Dev-2\1one\team-skills\oskill_01a09455e87e78739ffb6cfa06c8f37b\SKILL.md","2026/9/12 16:37:31"
"C:\Users\allenzhao\AppData\Roaming\dream-ui-Dev-2\1one\team-skills\oskill_01a09455ec647ac0bc48cb427d637990\SKILL.md","2026/9/12 16:37:31"
"C:\Users\allenzhao\AppData\Roaming\dream-ui-Dev-2\1one\team-skills\oskill_01a09455ee6f70c28aff1c392cfa8999\SKILL.md","2026/9/12 16:37:31"
"C:\Users\allenzhao\AppData\Roaming\dream-ui-Dev-2\1one\team-skills\oskill_01a09455ef697c93a52afb84c8335972\SKILL.md","2026/9/12 16:37:31"
"C:\Users\allenzhao\AppData\Roaming\dream-ui-Dev-2\1one\team-skills\oskill_01a09455f0597232a9afd4e94796a979\SKILL.md","2026/9/12 16:37:31"
"C:\Users\allenzhao\AppData\Roaming\dream-ui-Dev-2\1one\team-skills\oskill_01a09455f14f7d7296aacfa4df2f9e6d\SKILL.md","2026/9/12 16:37:31"
"C:\Users\allenzhao\AppData\Roaming\dream-ui-Dev-2\1one\team-skills\oskill_01a09455f24274e0818a02f10c39fab4\SKILL.md","2026/9/12 16:37:31"
"C:\Users\allenzhao\AppData\Roaming\dream-ui-Dev-2\1one\team-skills\oskill_01a09455f32f7e23bd0e493dc2a7057a\SKILL.md","2026/9/12 16:37:31"
"C:\Users\allenzhao\AppData\Roaming\dream-ui-Dev-2\1one\team-skills\oskill_01a09455f42471929f0e9815d7b13c7d\SKILL.md","2026/9/12 16:37:31"
"C:\Users\allenzhao\AppData\Roaming\dream-ui-Dev-2\1one\team-skills\oskill_01a09455f59c78a38dfd8f03691c3fdc\SKILL.md","2026/9/12 16:37:31"
"C:\Users\allenzhao\AppData\Roaming\dream-ui-Dev-2\1one\team-skills\oskill_01a09455f6987ce09792b9d0f492512b\SKILL.md","2026/9/12 16:37:31"
"C:\Users\allenzhao\AppData\Roaming\dream-ui-Dev-2\1one\team-skills\oskill_01a09455f77e773197c234fbb9d195d9\SKILL.md","2026/9/12 16:37:31"
"C:\Users\allenzhao\AppData\Roaming\dream-ui-Dev-2\1one\team-skills\oskill_01a09455f86872719affc9139f795d40\SKILL.md","2026/9/12 16:37:31"
"C:\Users\allenzhao\AppData\Roaming\dream-ui-Dev-2\1one\team-skills\oskill_01a09455f95c7041b2a78d7f6c0c039a\SKILL.md","2026/9/12 16:37:31"
